team,barstool_1_odds,betclic_1_odds,betfair_1_odds,betfred_1_odds,betmgm_1_odds,betonlineag_1_odds,betrivers_1_odds,betus_1_odds,betway_1_odds,bovada_1_odds,casumo_1_odds,circasports_1_odds,coral_1_odds,draftkings_1_odds,fanduel_1_odds,foxbet_1_odds,gtbets_1_odds,ladbrokes_1_odds,lowvig_1_odds,marathonbet_1_odds,matchbook_1_odds,mrgreen_1_odds,mybookieag_1_odds,nordicbet_1_odds,onexbet_1_odds,paddypower_1_odds,pinnacle_1_odds,pointsbetus_1_odds,sport888_1_odds,sugarhouse_1_odds,superbook_1_odds,twinspires_1_odds,unibet_1_odds,unibet_eu_1_odds,unibet_uk_1_odds,unibet_us_1_odds,williamhill_1_odds,williamhill_us_1_odds,wynnbet_1_odds,game_id,time_pulled,home_team,away_team,number_of_game_today,day_of_week,away_team_league,away_team_game_number,home_team_league,home_team_game_number,day_night,park_id,winning_team,minutes_since_commence,snapshot_time_taken,hour_of_start,target,home_away,opponent,this_team_league,opponent_league,this_team_game_of_season,opponent_game_of_season,highest_bettable_odds,average_market_odds,ev,result,date,daily_result,cumulative_result,total_p_l,total_ev_per_bet,total_precision,best_day_prof,worst_day_prof,total_bets_placed,return_on_money,sportsbook(s)_used
Chicago White Sox,5.5,6.5,1.01,0.0,6.0,0.0,0.0,0.0,0.0,6.0,5.5,4.93,0.0,4.8,4.6,4.33,0.0,0.0,0.0,0.0,0.0,5.0,2.18,0.0,0.0,4.5,2.76,1.0,0.0,5.2,0.0,5.5,0.0,5.1,5.1,5.5,0.0,0.0,0.0,7de9dad87118ee281e48da1d8d6ed181,2023-03-30 18:15:00,Houston Astros,Chicago White Sox,0,Thu,AL,1.0,AL,1.0,N,HOU03,Chicago White Sox,127.0,2023-03-30 18:15:00,16,1,0,Houston Astros,AL,AL,1.0,1.0,5.5,4.595714285714284,19.67671743860744,450.0,2023-03-30,982.0,450.0,3645.0,21.696428571428573,0.40476190476190477,982.0,-453.0,168.0,21.7,['Barstool']
Tampa Bay Rays,1.32,1.0,1.08,1.01,1.0,1.0,0.0,0.0,0.0,0.0,0.0,0.0,0.0,0.0,0.0,0.0,0.0,0.0,0.0,0.0,0.0,0.0,0.0,0.0,0.0,0.0,0.0,0.0,0.0,0.0,0.0,0.0,0.0,0.0,0.0,0.0,0.0,0.0,0.0,53e0cd370c0af094e354e4b64cf6ada1,2023-03-30 14:25:00,Tampa Bay Rays,Detroit Tigers,0,Thu,AL,1.0,AL,1.0,D,STP01,Tampa Bay Rays,135.0,2023-03-30 14:25:00,12,1,1,Detroit Tigers,AL,AL,1.0,1.0,1.32,1.1042857142857143,19.53428201811125,32.0,2023-03-30,982.0,482.0,3645.0,21.696428571428573,0.40476190476190477,982.0,-453.0,168.0,21.7,['Barstool']
Texas Rangers,6.0,6.0,6.5,1.72,6.3,6.0,6.4,3.05,5.25,5.75,1.94,1.93,1.94,1.95,1.96,1.96,1.96,1.7,1.71,1.96,6.0,3.2,0.0,0.0,0.0,0.0,0.0,0.0,0.0,0.0,0.0,0.0,0.0,0.0,0.0,0.0,0.0,0.0,0.0,c242048b2420a0eb53fe951109099db2,2023-03-30 13:45:00,Texas Rangers,Philadelphia Phillies,0,Thu,NL,1.0,AL,1.0,D,ARL03,Texas Rangers,39.0,2023-03-30 13:44:00,13,1,1,Philadelphia Phillies,AL,NL,1.0,1.0,6.0,3.790434782608695,58.29318651066762,500.0,2023-03-30,982.0,982.0,3645.0,21.696428571428573,0.40476190476190477,982.0,-453.0,168.0,21.7,['Barstool']
Colorado Rockies,1.71,1.9,2.6,2.7,2.7,2.77,2.77,1.83,2.74,2.65,1.0,1.74,1.73,2.7,1.85,1.85,1.85,1.85,1.85,1.85,1.85,1.85,1.75,2.75,1.87,2.7,1.9,2.61,0.0,0.0,0.0,0.0,0.0,0.0,0.0,0.0,0.0,0.0,0.0,7cdf5f141c30be44e268ef5bc97097ae,2023-03-31 18:55:00,San Diego Padres,Colorado Rockies,0,Fri,NL,2.0,NL,2.0,N,SAN02,Colorado Rockies,15.0,2023-03-31 18:55:00,18,1,0,San Diego Padres,NL,NL,2.0,2.0,2.7,2.1593103448275865,25.039923347173406,170.0,2023-03-31,170.0,1152.0,3645.0,21.696428571428573,0.40476190476190477,982.0,-453.0,168.0,21.7,['Draftkings']
Boston Red Sox,5.0,4.3,4.7,4.33,4.4,4.65,4.5,4.9,4.6,4.7,5.0,4.8,4.5,4.8,4.5,4.8,4.8,4.49,1.01,1.65,4.33,0.0,0.0,0.0,0.0,0.0,0.0,0.0,0.0,0.0,0.0,0.0,0.0,0.0,0.0,0.0,0.0,0.0,0.0,290363d40b65863d49a4de949cd89d93,2023-04-01 15:05:00,Boston Red Sox,Baltimore Orioles,0,Sat,AL,2.0,AL,2.0,D,BOS07,Boston Red Sox,115.0,2023-04-01 15:05:00,13,1,1,Baltimore Orioles,AL,AL,2.0,2.0,5.0,4.352727272727273,14.87050960735172,400.0,2023-04-01,485.0,1552.0,3645.0,21.696428571428573,0.40476190476190477,982.0,-453.0,168.0,21.7,['Barstool']
Boston Red Sox,2.85,2.45,1.69,1.69,1.67,2.2,1.62,1.68,1.56,2.8,1.68,2.8,2.82,1.65,1.67,1.67,1.69,2.55,1.65,1.64,2.55,2.6,2.6,2.55,2.63,2.6,2.63,2.63,1.58,2.32,1.65,2.88,0.0,0.0,0.0,0.0,0.0,0.0,0.0,290363d40b65863d49a4de949cd89d93,2023-04-01 13:20:00,Boston Red Sox,Baltimore Orioles,0,Sat,AL,2.0,AL,2.0,D,BOS07,Boston Red Sox,9.0,2023-04-01 13:19:00,13,1,1,Baltimore Orioles,AL,AL,2.0,2.0,2.85,2.1848484848484846,30.44382801664357,185.0,2023-04-01,485.0,1737.0,3645.0,21.696428571428573,0.40476190476190477,982.0,-453.0,168.0,21.7,['Barstool']
Detroit Tigers,3.05,2.75,2.88,3.3,3.95,3.5,3.4,2.6,3.7,3.47,4.1,4.2,4.2,3.95,4.2,4.0,4.2,4.2,3.5,2.5,3.5,0.0,0.0,0.0,0.0,0.0,0.0,0.0,0.0,0.0,0.0,0.0,0.0,0.0,0.0,0.0,0.0,0.0,0.0,71ee03890fab3ac7d4f27d5378a7abcf,2023-04-01 13:30:00,Tampa Bay Rays,Detroit Tigers,0,Sat,AL,2.0,AL,2.0,D,STP01,Tampa Bay Rays,20.0,2023-04-01 13:30:00,13,0,0,Tampa Bay Rays,AL,AL,2.0,2.0,4.2,3.606818181818183,16.446124763705072,-100.0,2023-04-01,485.0,1637.0,3645.0,21.696428571428573,0.40476190476190477,982.0,-453.0,168.0,21.7,['Fanduel']
San Diego Padres,1.03,1.03,1.06,1.03,1.03,1.03,1.02,1.03,1.02,1.01,1.01,1.01,1.05,1.46,1.03,0.0,0.0,0.0,0.0,0.0,0.0,0.0,0.0,0.0,0.0,0.0,0.0,0.0,0.0,0.0,0.0,0.0,0.0,0.0,0.0,0.0,0.0,0.0,0.0,bee5c272e86a6240fdbd4a121fa9408a,2023-04-02 14:30:00,San Diego Padres,Colorado Rockies,0,Sun,NL,4.0,NL,4.0,D,SAN02,San Diego Padres,79.0,2023-04-02 14:29:00,13,1,1,Colorado Rockies,NL,NL,4.0,4.0,1.46,1.081875,34.950895436164075,46.0,2023-04-02,-254.0,1683.0,3645.0,21.696428571428573,0.40476190476190477,982.0,-453.0,168.0,21.7,['Draftkings']
Colorado Rockies,3.2,2.77,3.0,2.77,2.75,2.7,2.8,2.7,3.1,2.76,2.7,2.8,3.0,2.62,2.76,2.85,3.1,2.7,3.05,2.75,2.95,2.95,2.95,2.9,2.95,2.95,2.95,2.95,2.8,3.05,2.73,2.38,0.0,0.0,0.0,0.0,0.0,0.0,0.0,bee5c272e86a6240fdbd4a121fa9408a,2023-04-02 13:20:00,San Diego Padres,Colorado Rockies,0,Sun,NL,4.0,NL,4.0,D,SAN02,San Diego Padres,9.0,2023-04-02 13:19:00,13,0,0,San Diego Padres,NL,NL,4.0,4.0,3.2,2.866363636363637,11.63970821439895,-100.0,2023-04-02,-254.0,1583.0,3645.0,21.696428571428573,0.40476190476190477,982.0,-453.0,168.0,21.7,['Barstool']
Philadelphia Phillies,2.85,3.2,1.01,0.0,2.75,0.0,0.0,0.0,0.0,3.1,2.85,2.79,0.0,2.95,2.88,2.15,0.0,0.0,0.0,0.0,0.0,2.75,2.05,0.0,0.0,2.8,2.05,2.85,0.0,2.8,0.0,2.85,0.0,2.85,2.8,2.85,0.0,0.0,0.0,11ceaf6e24f4c0d4467012906f4a649b,2023-04-02 17:35:00,Texas Rangers,Philadelphia Phillies,0,Sun,NL,3.0,AL,3.0,N,ARL03,Texas Rangers,87.0,2023-04-02 17:35:00,16,0,0,Texas Rangers,NL,AL,3.0,3.0,2.95,2.6728571428571426,10.368786745056134,-100.0,2023-04-02,-254.0,1483.0,3645.0,21.696428571428573,0.40476190476190477,982.0,-453.0,168.0,21.7,['Draftkings']
Atlanta Braves,1.95,2.15,1.57,1.57,1.59,1.56,1.67,2.15,2.1,1.55,1.55,1.56,2.05,2.12,1.56,2.1,1.58,1.6,1.57,2.1,1.7,1.54,1.54,2.04,2.05,2.05,2.0,2.05,2.05,2.02,2.05,1.71,0.0,0.0,0.0,0.0,0.0,0.0,0.0,0d99bbd7ff88bf33a31a57a7798e624e,2023-04-02 10:45:00,Washington Nationals,Atlanta Braves,0,Sun,NL,3.0,NL,3.0,D,WAS11,Washington Nationals,8.0,2023-04-02 10:43:00,10,0,0,Washington Nationals,NL,NL,3.0,3.0,2.12,1.8354545454545448,15.502724120851925,-100.0,2023-04-02,-254.0,1383.0,3645.0,21.696428571428573,0.40476190476190477,982.0,-453.0,168.0,21.7,['Draftkings']
Cincinnati Reds,3.3,1.9,3.75,0.0,3.4,0.0,0.0,0.0,0.0,3.5,3.3,3.1,0.0,3.4,3.05,1.67,0.0,0.0,0.0,0.0,0.0,3.15,1.99,0.0,0.0,3.1,3.26,3.1,0.0,3.2,0.0,3.3,0.0,3.3,3.2,3.3,0.0,0.0,0.0,53a8ed671dd7c0e9a2b7aa394f971c15,2023-04-03 17:10:00,Cincinnati Reds,Chicago Cubs,0,Mon,NL,4.0,NL,4.0,N,LOS03,Cincinnati Reds,90.0,2023-04-03 17:10:00,15,1,1,Chicago Cubs,NL,NL,4.0,4.0,3.4,3.0795238095238098,10.406680068037716,240.0,2023-04-03,305.0,1623.0,3645.0,21.696428571428573,0.40476190476190477,982.0,-453.0,168.0,21.7,['Draftkings']
Cleveland Guardians,2.65,2.75,2.5,2.45,2.2,2.25,2.38,2.4,2.38,2.4,2.2,2.33,2.4,2.35,2.4,2.4,2.13,2.36,2.4,1.63,2.45,0.0,0.0,0.0,0.0,0.0,0.0,0.0,0.0,0.0,0.0,0.0,0.0,0.0,0.0,0.0,0.0,0.0,0.0,e27833876e06debacb58be778c286b98,2023-04-03 20:05:00,Oakland Athletics,Cleveland Guardians,0,Mon,AL,5.0,AL,4.0,N,OAK01,Cleveland Guardians,85.0,2023-04-03 20:05:00,18,1,0,Oakland Athletics,AL,AL,5.0,4.0,2.65,2.366363636363636,11.98616980407224,165.0,2023-04-03,305.0,1788.0,3645.0,21.696428571428573,0.40476190476190477,982.0,-453.0,168.0,21.7,['Barstool']
Texas Rangers,3.8,3.6,3.95,3.05,3.75,3.9,3.1,3.8,3.4,4.0,4.2,4.2,3.95,4.2,4.0,4.2,4.2,4.12,3.7,1.7,0.0,0.0,0.0,0.0,0.0,0.0,0.0,0.0,0.0,0.0,0.0,0.0,0.0,0.0,0.0,0.0,0.0,0.0,0.0,b4bd7ff476efd614ebcf9b95ecf0a1f5,2023-04-03 18:35:00,Texas Rangers,Baltimore Orioles,0,Mon,AL,4.0,AL,4.0,N,ARL03,Baltimore Orioles,90.0,2023-04-03 18:35:00,17,0,1,Baltimore Orioles,AL,AL,4.0,4.0,4.2,3.762857142857144,11.6173120728929,-100.0,2023-04-03,305.0,1688.0,3645.0,21.696428571428573,0.40476190476190477,982.0,-453.0,168.0,21.7,['Draftkings']
Houston Astros,1.62,1.65,1.4,1.87,2.05,1.95,2.0,1.41,1.61,2.04,2.05,2.02,2.05,2.05,2.05,2.0,2.05,1.42,1.52,1.34,2.0,0.0,0.0,0.0,0.0,0.0,0.0,0.0,0.0,0.0,0.0,0.0,0.0,0.0,0.0,0.0,0.0,0.0,0.0,79d43aa1bd47e74352027de5ff64cc46,2023-04-04 18:35:00,Houston Astros,Detroit Tigers,0,Tue,AL,5.0,AL,6.0,N,HOU03,Detroit Tigers,85.0,2023-04-04 18:35:00,17,0,1,Detroit Tigers,AL,AL,6.0,5.0,2.05,1.827272727272728,12.189054726368129,-100.0,2023-04-04,-100.0,1588.0,3645.0,21.696428571428573,0.40476190476190477,982.0,-453.0,168.0,21.7,"['Draftkings', 'Fanduel']"
St. Louis Cardinals,2.95,1.95,3.3,3.3,1.82,2.85,1.75,1.79,3.2,2.8,2.7,3.0,1.78,3.2,3.15,2.78,3.3,3.1,2.75,1.85,3.3,2.8,1.8,2.88,1.8,1.78,1.77,1.77,1.83,1.81,1.8,1.75,0.0,0.0,0.0,0.0,0.0,0.0,0.0,b733334fd50293148b057b8e05507882,2023-04-05 10:25:00,St. Louis Cardinals,Atlanta Braves,0,Wed,NL,6.0,NL,6.0,N,STL10,Atlanta Braves,9.0,2023-04-05 10:24:00,10,0,1,Atlanta Braves,NL,NL,6.0,6.0,3.2,2.4730303030303027,29.39590736429361,-100.0,2023-04-05,-100.0,1488.0,3645.0,21.696428571428573,0.40476190476190477,982.0,-453.0,168.0,21.7,['Draftkings']
Pittsburgh Pirates,1.83,2.2,2.0,1.95,1.85,1.83,3.6,2.97,1.9,3.1,3.95,4.1,4.1,3.9,4.1,4.1,4.1,3.95,2.34,3.36,1.57,0.0,0.0,0.0,0.0,0.0,0.0,0.0,0.0,0.0,0.0,0.0,0.0,0.0,0.0,0.0,0.0,0.0,0.0,9899ffc26e03857f2e66e3737492f036,2023-04-07 14:20:00,Pittsburgh Pirates,Chicago White Sox,0,Fri,AL,8.0,NL,7.0,D,PIT08,Pittsburgh Pirates,67.0,2023-04-07 14:19:00,13,1,1,Chicago White Sox,NL,AL,7.0,8.0,4.1,3.040909090909091,34.82810164424511,310.0,2023-04-07,780.0,1798.0,3645.0,21.696428571428573,0.40476190476190477,982.0,-453.0,168.0,21.7,['Fanduel']
Pittsburgh Pirates,5.7,5.0,5.4,4.5,3.8,3.7,4.75,3.76,3.8,4.75,4.1,4.3,4.3,4.1,4.3,4.1,4.3,4.1,4.5,4.21,1.57,0.0,0.0,0.0,0.0,0.0,0.0,0.0,0.0,0.0,0.0,0.0,0.0,0.0,0.0,0.0,0.0,0.0,0.0,9899ffc26e03857f2e66e3737492f036,2023-04-07 14:05:00,Pittsburgh Pirates,Chicago White Sox,0,Fri,AL,8.0,NL,7.0,D,PIT08,Pittsburgh Pirates,51.0,2023-04-07 14:03:00,13,1,1,Chicago White Sox,NL,AL,7.0,8.0,5.7,4.306363636363635,32.36225459151366,470.0,2023-04-07,780.0,2268.0,3645.0,21.696428571428573,0.40476190476190477,982.0,-453.0,168.0,21.7,['Barstool']
Detroit Tigers,3.4,3.15,3.2,3.0,2.66,2.4,2.8,2.82,2.7,2.85,2.9,2.9,2.9,2.9,2.85,2.9,2.8,3.15,2.88,2.1,2.25,0.0,0.0,0.0,0.0,0.0,0.0,0.0,0.0,0.0,0.0,0.0,0.0,0.0,0.0,0.0,0.0,0.0,0.0,546308e91b05ead2ad6e6db88f94c286,2023-04-08 13:35:00,Detroit Tigers,Boston Red Sox,0,Sat,AL,8.0,AL,8.0,D,DET05,Boston Red Sox,25.0,2023-04-08 13:35:00,13,0,1,Boston Red Sox,AL,AL,8.0,8.0,3.4,2.8595454545454544,18.900015895724067,-100.0,2023-04-08,-100.0,2168.0,3645.0,21.696428571428573,0.40476190476190477,982.0,-453.0,168.0,21.7,['Barstool']
Los Angeles Dodgers,4.5,4.8,4.6,0.0,4.6,0.0,0.0,0.0,0.0,4.4,4.5,4.39,0.0,5.4,4.6,3.8,0.0,0.0,0.0,0.0,0.0,4.25,4.25,0.0,0.0,4.5,5.22,5.0,0.0,4.3,0.0,4.5,0.0,4.5,4.3,4.5,0.0,0.0,0.0,a095ff8a091911a6865773eb0a554336,2023-04-12 19:45:00,San Francisco Giants,Los Angeles Dodgers,0,Wed,NL,13.0,NL,12.0,N,SFO03,Los Angeles Dodgers,59.0,2023-04-12 19:44:00,18,1,0,San Francisco Giants,NL,NL,13.0,12.0,5.4,4.586190476190477,17.744782473263427,440.0,2023-04-12,440.0,2608.0,3645.0,21.696428571428573,0.40476190476190477,982.0,-453.0,168.0,21.7,['Draftkings']
Washington Nationals,2.35,2.15,2.1,1.95,1.96,2.05,2.06,2.4,2.25,2.05,2.1,2.1,2.02,2.04,2.04,2.0,2.04,2.02,2.04,2.04,2.13,2.15,0.0,0.0,0.0,0.0,0.0,0.0,0.0,0.0,0.0,0.0,0.0,0.0,0.0,0.0,0.0,0.0,0.0,c0aa29f99522ac61b0a0efb50fb6e7af,2023-04-14 16:35:00,Washington Nationals,Cleveland Guardians,0,Fri,AL,14.0,NL,14.0,N,WAS11,Cleveland Guardians,30.0,2023-04-14 16:34:00,16,0,1,Cleveland Guardians,NL,AL,14.0,14.0,2.35,2.1039130434782614,11.696631535441185,-100.0,2023-04-14,450.0,2508.0,3645.0,21.696428571428573,0.40476190476190477,982.0,-453.0,168.0,21.7,['Barstool']
Minnesota Twins,6.5,4.8,4.4,4.5,4.4,4.33,2.6,4.6,4.9,4.5,4.33,5.0,4.75,5.0,5.0,4.7,5.0,4.75,5.1,5.0,4.3,2.8,0.0,0.0,0.0,0.0,0.0,0.0,0.0,0.0,0.0,0.0,0.0,0.0,0.0,0.0,0.0,0.0,0.0,09a7add5dd9e8df489cbb9c47e462bcc,2023-04-14 16:40:00,New York Yankees,Minnesota Twins,0,Fri,AL,14.0,AL,14.0,N,NYC21,Minnesota Twins,35.0,2023-04-14 16:40:00,16,1,0,New York Yankees,AL,AL,14.0,14.0,6.5,4.685217391304348,38.73422420193022,550.0,2023-04-14,450.0,3058.0,3645.0,21.696428571428573,0.40476190476190477,982.0,-453.0,168.0,21.7,['Barstool']
Pittsburgh Pirates,3.7,3.05,3.3,3.5,3.61,3.7,3.1,3.3,3.55,3.1,3.0,3.05,3.05,2.9,3.05,2.95,3.05,3.05,3.5,3.36,1.01,0.0,0.0,0.0,0.0,0.0,0.0,0.0,0.0,0.0,0.0,0.0,0.0,0.0,0.0,0.0,0.0,0.0,0.0,32ffb256e047d36cfbcefae8ab541e19,2023-04-15 11:55:00,St. Louis Cardinals,Pittsburgh Pirates,0,Sat,NL,15.0,NL,15.0,D,STL10,Pittsburgh Pirates,39.0,2023-04-15 11:53:00,11,1,0,St. Louis Cardinals,NL,NL,15.0,15.0,3.7,3.1627272727272726,16.98764012647314,270.0,2023-04-15,170.0,3328.0,3645.0,21.696428571428573,0.40476190476190477,982.0,-453.0,168.0,21.7,['Barstool']
St. Louis Cardinals,1.91,1.5,1.44,2.0,1.45,1.95,1.98,1.48,1.63,1.63,1.63,1.61,1.63,1.62,1.63,1.63,2.0,1.43,1.62,0.0,0.0,0.0,0.0,0.0,0.0,0.0,0.0,0.0,0.0,0.0,0.0,0.0,0.0,0.0,0.0,0.0,0.0,0.0,0.0,32ffb256e047d36cfbcefae8ab541e19,2023-04-15 12:55:00,St. Louis Cardinals,Pittsburgh Pirates,0,Sat,NL,15.0,NL,15.0,D,STL10,Pittsburgh Pirates,99.0,2023-04-15 12:53:00,11,0,1,Pittsburgh Pirates,NL,NL,15.0,15.0,1.91,1.6839999999999995,13.4204275534442,-100.0,2023-04-15,170.0,3228.0,3645.0,21.696428571428573,0.40476190476190477,982.0,-453.0,168.0,21.7,['Barstool']
Chicago Cubs,5.1,5.5,4.5,5.3,3.3,2.6,4.5,4.25,2.89,3.3,2.95,4.4,4.5,4.75,4.75,4.4,4.5,4.75,4.75,4.75,4.2,4.33,0.0,0.0,0.0,0.0,0.0,0.0,0.0,0.0,0.0,0.0,0.0,0.0,0.0,0.0,0.0,0.0,0.0,ab53c1c8b821c0df4a6a45342b14a542,2023-04-16 13:50:00,Los Angeles Dodgers,Chicago Cubs,0,Sun,NL,15.0,NL,16.0,D,LOS03,Chicago Cubs,38.0,2023-04-16 13:48:00,13,1,0,Los Angeles Dodgers,NL,NL,15.0,16.0,5.1,4.320434782608695,18.04367515346685,410.0,2023-04-16,630.0,3638.0,3645.0,21.696428571428573,0.40476190476190477,982.0,-453.0,168.0,21.7,['Barstool']
Chicago White Sox,1.1,1.14,1.8,1.3,1.52,1.11,1.12,1.8,1.8,1.06,1.79,1.14,1.77,1.77,1.1,1.05,1.05,1.05,1.05,1.05,1.05,1.05,1.05,1.06,1.19,0.0,0.0,0.0,0.0,0.0,0.0,0.0,0.0,0.0,0.0,0.0,0.0,0.0,0.0,9b47a150257e5024dfdb6c2ca3e1ea87,2023-04-16 13:45:00,Chicago White Sox,Baltimore Orioles,0,Sun,AL,16.0,AL,16.0,D,CHI12,Baltimore Orioles,14.0,2023-04-16 13:44:00,13,0,1,Baltimore Orioles,AL,AL,16.0,16.0,1.77,1.297692307692308,36.395969176052105,-100.0,2023-04-16,630.0,3538.0,3645.0,21.696428571428573,0.40476190476190477,982.0,-453.0,168.0,21.7,['Draftkings']
Washington Nationals,3.45,3.8,2.88,3.0,3.7,3.8,4.0,3.55,3.54,3.14,3.8,3.9,4.0,4.2,4.2,3.95,4.0,4.2,4.2,4.2,3.75,0.0,0.0,0.0,0.0,0.0,0.0,0.0,0.0,0.0,0.0,0.0,0.0,0.0,0.0,0.0,0.0,0.0,0.0,89a9dc724d423c258d0032153e6cdfd9,2023-04-16 11:55:00,Washington Nationals,Cleveland Guardians,0,Sun,AL,16.0,NL,16.0,D,WAS11,Washington Nationals,79.0,2023-04-16 11:54:00,10,1,1,Cleveland Guardians,NL,AL,16.0,16.0,4.2,3.793636363636364,10.711718188353686,320.0,2023-04-16,630.0,3858.0,3645.0,21.696428571428573,0.40476190476190477,982.0,-453.0,168.0,21.7,"['Draftkings', 'Fanduel']"
Seattle Mariners,4.8,3.95,5.2,5.0,4.5,5.0,2.32,2.25,2.2,3.75,4.33,2.05,1.01,4.75,3.85,3.85,3.85,3.75,3.85,3.65,3.7,3.85,0.0,0.0,0.0,0.0,0.0,0.0,0.0,0.0,0.0,0.0,0.0,0.0,0.0,0.0,0.0,0.0,0.0,562f5c2063fec8fe3b8647d0bd113f6c,2023-04-17 19:00:00,Seattle Mariners,Milwaukee Brewers,0,Mon,NL,17.0,AL,17.0,N,SEA03,Milwaukee Brewers,20.0,2023-04-17 19:00:00,18,0,1,Milwaukee Brewers,AL,NL,17.0,17.0,4.8,3.750434782608696,27.985161140737333,-100.0,2023-04-17,-100.0,3758.0,3645.0,21.696428571428573,0.40476190476190477,982.0,-453.0,168.0,21.7,['Barstool']
Seattle Mariners,2.55,1.9,1.97,0.0,2.0,0.0,0.0,0.0,0.0,2.35,1.88,1.92,0.0,0.0,1.86,1.91,0.0,0.0,0.0,0.0,0.0,1.82,1.85,0.0,0.0,1.83,1.49,1.87,0.0,1.85,0.0,2.55,0.0,1.88,2.43,1.88,0.0,0.0,0.0,d6476ea972d0498cfd8ae9b1f056463f,2023-04-18 21:05:00,Seattle Mariners,Milwaukee Brewers,0,Tue,NL,18.0,AL,18.0,N,SEA03,Milwaukee Brewers,146.0,2023-04-18 21:05:00,18,0,1,Milwaukee Brewers,AL,NL,18.0,18.0,2.55,2.0170000000000003,26.425384234010863,-100.0,2023-04-18,-100.0,3658.0,3645.0,21.696428571428573,0.40476190476190477,982.0,-453.0,168.0,21.7,['Barstool']
Los Angeles Angels,5.3,4.7,5.5,5.3,4.75,3.8,4.2,4.3,5.25,5.6,5.6,5.1,5.6,5.6,5.2,5.6,4.73,4.5,5.02,2.15,4.5,5.0,5.0,0.0,0.0,0.0,0.0,0.0,0.0,0.0,0.0,0.0,0.0,0.0,0.0,0.0,0.0,0.0,0.0,8349249d1ed96746ff00d15b144f26b7,2023-04-19 17:05:00,New York Yankees,Los Angeles Angels,0,Wed,AL,18.0,AL,18.0,N,NYC21,New York Yankees,60.0,2023-04-19 17:05:00,16,0,0,New York Yankees,AL,AL,18.0,18.0,5.6,4.9125,13.994910941475837,-100.0,2023-04-19,-300.0,3558.0,3645.0,21.696428571428573,0.40476190476190477,982.0,-453.0,168.0,21.7,['Draftkings']
Oakland Athletics,3.75,2.4,4.1,3.4,4.0,3.35,3.8,3.5,3.5,3.3,3.5,3.35,3.8,2.27,3.85,4.1,3.9,3.6,2.18,2.26,0.0,0.0,0.0,0.0,0.0,0.0,0.0,0.0,0.0,0.0,0.0,0.0,0.0,0.0,0.0,0.0,0.0,0.0,0.0,d7d63ae401b886dec2b7c14a5486ae19,2023-04-19 13:25:00,Oakland Athletics,Chicago Cubs,0,Wed,NL,18.0,AL,19.0,N,OAK01,Chicago Cubs,48.0,2023-04-19 13:25:00,12,0,1,Chicago Cubs,AL,NL,19.0,18.0,3.85,3.4171428571428573,12.667224080267545,-100.0,2023-04-19,-300.0,3458.0,3645.0,21.696428571428573,0.40476190476190477,982.0,-453.0,168.0,21.7,['Fanduel']
Atlanta Braves,3.65,3.55,3.4,3.45,2.7,2.6,3.85,3.85,3.65,3.85,3.7,3.85,3.45,3.75,1.91,3.6,2.75,1.01,3.5,0.0,0.0,0.0,0.0,0.0,0.0,0.0,0.0,0.0,0.0,0.0,0.0,0.0,0.0,0.0,0.0,0.0,0.0,0.0,0.0,83455c45e3ab097180f7206c179e903a,2023-04-19 14:10:00,San Diego Padres,Atlanta Braves,0,Wed,NL,19.0,NL,20.0,D,SAN02,San Diego Padres,60.0,2023-04-19 14:10:00,13,0,0,San Diego Padres,NL,NL,19.0,20.0,3.75,3.2910000000000004,13.94712853236095,-100.0,2023-04-19,-300.0,3358.0,3645.0,21.696428571428573,0.40476190476190477,982.0,-453.0,168.0,21.7,['Draftkings']
New York Mets,2.5,2.95,2.12,2.05,2.12,2.12,2.8,2.29,2.05,2.8,2.84,2.15,2.85,2.75,2.88,2.88,2.88,2.88,2.75,2.88,2.8,2.8,2.06,2.05,2.75,3.1,2.68,0.0,0.0,0.0,0.0,0.0,0.0,0.0,0.0,0.0,0.0,0.0,0.0,50a40d923d3ebda73f861552b8246eee,2023-04-22 13:20:00,San Francisco Giants,New York Mets,0,Sat,NL,22.0,NL,21.0,D,SFO03,San Francisco Giants,15.0,2023-04-22 13:20:00,13,0,0,San Francisco Giants,NL,NL,22.0,21.0,2.88,2.595,10.982658959537568,-100.0,2023-04-22,-164.0,3258.0,3645.0,21.696428571428573,0.40476190476190477,982.0,-453.0,168.0,21.7,['Fanduel']
Cincinnati Reds,3.85,4.0,4.0,0.0,4.1,0.0,0.0,0.0,0.0,3.75,4.2,3.71,0.0,4.4,3.8,3.6,0.0,0.0,0.0,0.0,0.0,3.65,0.0,0.0,0.0,3.7,4.22,3.6,0.0,4.0,0.0,4.2,0.0,4.2,4.0,4.2,0.0,0.0,0.0,ad3ce41e7cfa4a44a181af323ebf3c0e,2023-04-22 16:55:00,Pittsburgh Pirates,Cincinnati Reds,0,Sat,NL,22.0,NL,22.0,N,PIT08,Pittsburgh Pirates,55.0,2023-04-22 16:55:00,16,0,0,Pittsburgh Pirates,NL,NL,22.0,22.0,4.4,3.979000000000001,10.580547876350863,-100.0,2023-04-22,-164.0,3158.0,3645.0,21.696428571428573,0.40476190476190477,982.0,-453.0,168.0,21.7,['Draftkings']
Milwaukee Brewers,1.36,1.37,1.35,1.12,1.11,1.3,1.12,1.12,1.12,1.12,1.12,1.11,1.12,1.12,1.12,1.1,1.1,1.29,1.34,1.33,0.0,0.0,0.0,0.0,0.0,0.0,0.0,0.0,0.0,0.0,0.0,0.0,0.0,0.0,0.0,0.0,0.0,0.0,0.0,2be2dd6fcd8b3ed5458cc65ce1b83b80,2023-04-22 17:15:00,Milwaukee Brewers,Boston Red Sox,0,Sat,AL,22.0,NL,21.0,N,MIL06,Milwaukee Brewers,65.0,2023-04-22 17:15:00,16,1,1,Boston Red Sox,NL,AL,21.0,22.0,1.36,1.2000000000000004,13.333333333333291,36.0,2023-04-22,-164.0,3194.0,3645.0,21.696428571428573,0.40476190476190477,982.0,-453.0,168.0,21.7,['Barstool']
Colorado Rockies,5.75,6.0,1.94,0.0,5.0,0.0,0.0,0.0,0.0,5.25,4.9,4.36,0.0,6.0,4.9,4.75,0.0,0.0,0.0,0.0,4.1,4.6,5.1,0.0,0.0,4.5,5.51,5.25,0.0,4.7,0.0,4.9,0.0,4.9,4.7,4.9,0.0,0.0,0.0,caff39b6a6373fa1a0c3db1a051b1a20,2023-04-23 10:45:00,Philadelphia Phillies,Colorado Rockies,0,Sun,NL,23.0,NL,23.0,N,PHI13,Philadelphia Phillies,100.0,2023-04-23 10:45:00,9,0,0,Philadelphia Phillies,NL,NL,23.0,23.0,5.75,4.898181818181819,17.390497401633226,-100.0,2023-04-23,-453.0,3094.0,3645.0,21.696428571428573,0.40476190476190477,982.0,-453.0,168.0,21.7,['Barstool']
Kansas City Royals,2.8,2.35,2.4,2.24,2.25,2.4,2.85,1.0,2.55,2.57,2.38,2.3,2.85,2.38,2.9,2.9,2.38,2.8,2.66,2.55,2.3,2.25,0.0,0.0,0.0,0.0,0.0,0.0,0.0,0.0,0.0,0.0,0.0,0.0,0.0,0.0,0.0,0.0,0.0,65a79803c44ac7a67509923e9a26de83,2023-04-23 13:40:00,Los Angeles Angels,Kansas City Royals,0,Sun,AL,22.0,AL,22.0,D,ANA01,Los Angeles Angels,33.0,2023-04-23 13:40:00,13,0,0,Los Angeles Angels,AL,AL,22.0,22.0,2.9,2.4765217391304346,17.099719101123604,-100.0,2023-04-23,-453.0,2994.0,3645.0,21.696428571428573,0.40476190476190477,982.0,-453.0,168.0,21.7,['Fanduel']
Kansas City Royals,5.6,4.6,5.1,0.0,5.5,0.0,0.0,0.0,0.0,4.25,4.9,5.15,0.0,5.2,5.1,6.0,0.0,0.0,0.0,0.0,5.4,4.5,0.0,0.0,0.0,4.2,4.59,1.0,0.0,5.25,0.0,5.6,0.0,5.6,4.6,5.6,0.0,0.0,0.0,65a79803c44ac7a67509923e9a26de83,2023-04-23 14:50:00,Los Angeles Angels,Kansas City Royals,0,Sun,AL,22.0,AL,22.0,D,ANA01,Los Angeles Angels,103.0,2023-04-23 14:50:00,13,0,0,Los Angeles Angels,AL,AL,22.0,22.0,5.6,4.92095238095238,13.799109734855849,-100.0,2023-04-23,-453.0,2894.0,3645.0,21.696428571428573,0.40476190476190477,982.0,-453.0,168.0,21.7,['Barstool']
Pittsburgh Pirates,1.47,1.35,1.36,1.35,1.42,1.43,1.4,1.41,1.32,1.44,1.29,1.19,1.19,1.19,1.19,1.19,1.18,1.19,1.19,1.4,1.37,1.33,0.0,0.0,0.0,0.0,0.0,0.0,0.0,0.0,0.0,0.0,0.0,0.0,0.0,0.0,0.0,0.0,0.0,53807fde2807f88e693728beff633e89,2023-04-23 11:55:00,Pittsburgh Pirates,Cincinnati Reds,0,Sun,NL,23.0,NL,23.0,D,PIT08,Pittsburgh Pirates,80.0,2023-04-23 11:55:00,10,1,1,Cincinnati Reds,NL,NL,23.0,23.0,1.47,1.3182608695652178,11.510554089709728,47.0,2023-04-23,-453.0,2941.0,3645.0,21.696428571428573,0.40476190476190477,982.0,-453.0,168.0,21.7,['Barstool']
Oakland Athletics,5.0,4.0,4.5,3.9,4.9,4.0,4.05,4.0,4.85,4.3,3.91,4.4,3.84,4.1,3.7,4.5,5.0,4.01,4.01,4.75,4.05,3.7,4.5,4.75,4.75,4.2,4.5,4.75,4.5,4.75,4.75,3.98,0.0,0.0,0.0,0.0,0.0,0.0,0.0,f8e130e8b0f4f3ef36b07d0ba910832c,2023-04-23 11:45:00,Texas Rangers,Oakland Athletics,0,Sun,AL,22.0,AL,21.0,D,ARL03,Texas Rangers,10.0,2023-04-23 11:45:00,11,0,0,Texas Rangers,AL,AL,22.0,21.0,5.0,4.36060606060606,14.66296038915914,-100.0,2023-04-23,-453.0,2841.0,3645.0,21.696428571428573,0.40476190476190477,982.0,-453.0,168.0,21.7,['Barstool']
New York Mets,2.43,2.4,1.01,0.0,2.25,0.0,0.0,0.0,0.0,1.74,2.43,1.58,0.0,2.2,1.78,1.44,0.0,0.0,0.0,0.0,0.0,2.38,0.0,0.0,0.0,1.8,1.56,2.15,0.0,2.4,0.0,2.43,0.0,2.04,2.38,2.3,0.0,0.0,0.0,ccb11fca45c108ff835613e339d5e159,2023-04-23 17:30:00,San Francisco Giants,New York Mets,0,Sun,NL,23.0,NL,22.0,D,SFO03,San Francisco Giants,80.0,2023-04-23 17:30:00,16,0,0,San Francisco Giants,NL,NL,23.0,22.0,2.43,2.0565,18.16192560175056,-100.0,2023-04-23,-453.0,2741.0,3645.0,21.696428571428573,0.40476190476190477,982.0,-453.0,168.0,21.7,['Barstool']
Pittsburgh Pirates,2.85,2.95,2.02,2.0,2.0,2.0,1.95,2.9,2.88,3.1,1.95,2.0,2.0,1.91,3.2,2.9,1.95,1.96,1.96,1.96,2.02,1.95,1.93,1.96,1.94,1.96,3.1,2.03,1.95,3.1,1.97,2.06,2.85,0.0,0.0,0.0,0.0,0.0,0.0,1705668f00556dd19407df97765b4923,2023-04-25 15:45:00,Pittsburgh Pirates,Los Angeles Dodgers,0,Tue,NL,24.0,NL,24.0,N,PIT08,Los Angeles Dodgers,9.0,2023-04-25 15:45:00,15,0,1,Los Angeles Dodgers,NL,NL,24.0,24.0,2.85,2.2973529411764706,24.05581871719369,-100.0,2023-04-25,-200.0,2641.0,3645.0,21.696428571428573,0.40476190476190477,982.0,-453.0,168.0,21.7,['Barstool']
Chicago White Sox,3.35,3.25,2.7,2.76,2.75,2.93,2.93,3.3,3.15,3.1,2.7,2.95,3.05,3.4,3.25,2.62,3.15,3.15,2.7,3.6,3.55,3.1,3.55,3.15,3.25,1.01,2.72,2.75,2.8,3.13,3.25,3.1,3.05,0.0,0.0,0.0,0.0,0.0,0.0,c5a6a709edcf09d1c79736d5c0c2fbb7,2023-04-25 16:20:00,Toronto Blue Jays,Chicago White Sox,0,Tue,AL,24.0,AL,24.0,N,TOR02,Toronto Blue Jays,13.0,2023-04-25 16:20:00,16,0,0,Toronto Blue Jays,AL,AL,24.0,24.0,3.4,3.0176470588235293,12.670565302144254,-100.0,2023-04-25,-200.0,2541.0,3645.0,21.696428571428573,0.40476190476190477,982.0,-453.0,168.0,21.7,['Draftkings']
Texas Rangers,4.1,3.5,3.3,3.7,4.0,4.0,2.81,3.3,4.1,3.85,3.7,3.75,3.85,3.85,3.85,3.65,3.85,3.25,3.9,3.64,3.9,0.0,0.0,0.0,0.0,0.0,0.0,0.0,0.0,0.0,0.0,0.0,0.0,0.0,0.0,0.0,0.0,0.0,0.0,e733e3c0d99be15f8378fc8b8b57675a,2023-04-27 18:40:00,Texas Rangers,New York Yankees,0,Thu,AL,26.0,AL,25.0,N,ARL03,New York Yankees,95.0,2023-04-27 18:40:00,17,0,1,New York Yankees,AL,AL,25.0,26.0,4.1,3.725,10.06711409395973,-100.0,2023-04-27,-40.0,2441.0,3645.0,21.696428571428573,0.40476190476190477,982.0,-453.0,168.0,21.7,['Barstool']
Baltimore Orioles,2.6,2.55,2.45,1.71,1.67,2.44,2.38,2.56,1.72,1.65,2.25,2.38,2.35,2.35,2.4,2.38,2.38,2.33,2.38,2.62,2.25,2.45,1.78,0.0,0.0,0.0,0.0,0.0,0.0,0.0,0.0,0.0,0.0,0.0,0.0,0.0,0.0,0.0,0.0,c2e6e3e8f9d832650df372289a3545e4,2023-04-27 16:15:00,Detroit Tigers,Baltimore Orioles,0,Thu,AL,25.0,AL,25.0,N,DET05,Baltimore Orioles,35.0,2023-04-27 16:15:00,15,1,0,Detroit Tigers,AL,AL,25.0,25.0,2.6,2.276250000000001,14.22295442064798,160.0,2023-04-27,-40.0,2601.0,3645.0,21.696428571428573,0.40476190476190477,982.0,-453.0,168.0,21.7,['Barstool']
Detroit Tigers,8.5,3.35,3.45,0.0,3.4,0.0,0.0,0.0,0.0,3.25,9.0,9.61,0.0,3.3,3.6,3.2,0.0,0.0,0.0,0.0,1.22,7.5,1.7,3.2,0.0,3.4,1.71,1.0,0.0,2.9,0.0,2.95,0.0,8.5,2.88,8.5,0.0,0.0,0.0,c2e6e3e8f9d832650df372289a3545e4,2023-04-27 18:10:00,Detroit Tigers,Baltimore Orioles,0,Thu,AL,25.0,AL,25.0,N,DET05,Baltimore Orioles,150.0,2023-04-27 18:10:00,15,0,1,Baltimore Orioles,AL,AL,25.0,25.0,8.5,4.5486956521739135,86.8667558784171,-100.0,2023-04-27,-40.0,2501.0,3645.0,21.696428571428573,0.40476190476190477,982.0,-453.0,168.0,21.7,['Barstool']
Los Angeles Angels,3.75,3.05,2.9,3.1,3.15,2.71,2.95,3.05,3.25,2.9,3.05,2.9,3.2,2.9,3.25,2.2,3.05,2.17,3.2,3.2,3.15,3.25,3.18,3.2,0.0,0.0,0.0,0.0,0.0,0.0,0.0,0.0,0.0,0.0,0.0,0.0,0.0,0.0,0.0,688745f6c5edeebf7fadda95570fe342,2023-04-28 17:30:00,Milwaukee Brewers,Los Angeles Angels,0,Fri,AL,27.0,NL,26.0,N,MIL06,Milwaukee Brewers,21.0,2023-04-28 17:30:00,17,0,0,Milwaukee Brewers,AL,NL,27.0,26.0,3.75,3.0584000000000007,22.61313104891444,-100.0,2023-04-28,-70.0,2401.0,3645.0,21.696428571428573,0.40476190476190477,982.0,-453.0,168.0,21.7,['Barstool']
Chicago Cubs,1.95,2.15,2.05,1.63,1.75,1.78,1.97,2.25,1.89,2.25,1.85,1.88,1.88,2.25,1.89,1.83,1.55,1.95,1.62,2.75,1.91,1.64,1.64,0.0,0.0,0.0,0.0,0.0,0.0,0.0,0.0,0.0,0.0,0.0,0.0,0.0,0.0,0.0,0.0,6eeda6f9ef46ea20228185a54553b0c0,2023-04-28 16:25:00,Miami Marlins,Chicago Cubs,0,Fri,NL,26.0,NL,27.0,N,MIA02,Miami Marlins,45.0,2023-04-28 16:25:00,15,0,0,Miami Marlins,NL,NL,26.0,27.0,2.25,1.94,15.979381443298983,-100.0,2023-04-28,-70.0,2301.0,3645.0,21.696428571428573,0.40476190476190477,982.0,-453.0,168.0,21.7,['Draftkings']
Cincinnati Reds,2.3,1.36,1.31,1.42,1.43,1.34,1.36,1.4,1.91,1.32,1.36,1.32,1.32,1.36,1.33,1.36,1.36,1.34,1.37,1.36,1.4,1.4,0.0,0.0,0.0,0.0,0.0,0.0,0.0,0.0,0.0,0.0,0.0,0.0,0.0,0.0,0.0,0.0,0.0,8c62e6ed899e5eb2d9895a483edacd78,2023-04-28 19:10:00,Oakland Athletics,Cincinnati Reds,0,Fri,NL,27.0,AL,27.0,N,OAK01,Cincinnati Reds,29.0,2023-04-28 19:10:00,18,1,0,Oakland Athletics,NL,AL,27.0,27.0,2.3,1.4665217391304346,56.83367921731396,130.0,2023-04-28,-70.0,2431.0,3645.0,21.696428571428573,0.40476190476190477,982.0,-453.0,168.0,21.7,['Barstool']
Seattle Mariners,2.88,3.1,3.15,0.0,3.2,0.0,0.0,0.0,0.0,3.1,3.15,2.08,0.0,3.35,3.35,2.1,0.0,0.0,0.0,0.0,0.0,3.05,3.18,2.85,0.0,3.1,2.04,2.2,0.0,3.1,0.0,3.15,0.0,3.15,2.8,3.15,0.0,0.0,0.0,bc228957c48565c87f965dd41e7db26a,2023-04-29 14:25:00,Toronto Blue Jays,Seattle Mariners,0,Sat,AL,27.0,AL,27.0,D,TOR02,Toronto Blue Jays,138.0,2023-04-29 14:25:00,12,0,0,Toronto Blue Jays,AL,AL,27.0,27.0,3.35,2.935454545454545,14.12201920099102,-100.0,2023-04-29,-100.0,2331.0,3645.0,21.696428571428573,0.40476190476190477,982.0,-453.0,168.0,21.7,"['Draftkings', 'Fanduel']"
Milwaukee Brewers,4.1,4.0,3.8,4.1,4.2,3.9,3.02,4.0,3.9,4.4,4.4,4.4,4.2,4.2,4.4,4.4,4.1,4.1,4.27,4.0,1.0,0.0,0.0,0.0,0.0,0.0,0.0,0.0,0.0,0.0,0.0,0.0,0.0,0.0,0.0,0.0,0.0,0.0,0.0,6d03aceaa9d0a57cbd196ff854e19924,2023-04-30 12:55:00,Milwaukee Brewers,Los Angeles Angels,0,Sun,AL,29.0,NL,28.0,D,MIL06,Los Angeles Angels,105.0,2023-04-30 12:55:00,11,0,1,Los Angeles Angels,NL,AL,28.0,29.0,4.4,3.967727272727272,10.894718753580037,-100.0,2023-04-30,-200.0,2231.0,3645.0,21.696428571428573,0.40476190476190477,982.0,-453.0,168.0,21.7,['Fanduel']
Kansas City Royals,3.75,4.05,3.6,2.5,1.0,3.5,3.6,3.7,3.5,3.57,3.25,2.85,3.2,3.1,3.4,3.05,3.2,3.2,3.65,3.1,3.5,3.93,3.85,0.0,0.0,0.0,0.0,0.0,0.0,0.0,0.0,0.0,0.0,0.0,0.0,0.0,0.0,0.0,0.0,f1198ef3d05c9eebc1bc97d88d6f359a,2023-04-30 11:50:00,Minnesota Twins,Kansas City Royals,0,Sun,AL,29.0,AL,29.0,D,MIN04,Minnesota Twins,40.0,2023-04-30 11:50:00,11,0,0,Minnesota Twins,AL,AL,29.0,29.0,3.75,3.325,12.781954887218047,-100.0,2023-04-30,-200.0,2131.0,3645.0,21.696428571428573,0.40476190476190477,982.0,-453.0,168.0,21.7,['Barstool']
New York Yankees,2.5,2.45,2.05,2.0,2.06,2.06,2.35,2.52,2.38,2.45,2.02,2.4,2.15,2.5,2.6,2.6,2.55,2.6,2.6,2.6,2.5,2.55,2.48,2.4,2.0,1.99,1.95,2.45,2.45,0.0,0.0,0.0,0.0,0.0,0.0,0.0,0.0,0.0,0.0,8446c0d721782bf11cd331c893838a1b,2023-05-03 16:20:00,New York Yankees,Cleveland Guardians,0,Wed,AL,31.0,AL,32.0,N,NYC21,New York Yankees,15.0,2023-05-03 16:20:00,16,1,1,Cleveland Guardians,AL,AL,32.0,31.0,2.6,2.3603333333333327,10.15393306030225,160.0,2023-05-03,160.0,2291.0,3645.0,21.696428571428573,0.40476190476190477,982.0,-453.0,168.0,21.7,['Fanduel']
Baltimore Orioles,3.15,3.2,3.1,2.7,1.22,2.75,1.7,2.75,2.94,2.78,2.45,2.6,2.65,3.0,3.0,2.9,3.0,2.95,2.95,3.0,3.0,1.85,0.0,0.0,0.0,0.0,0.0,0.0,0.0,0.0,0.0,0.0,0.0,0.0,0.0,0.0,0.0,0.0,0.0,688359a99ec9164c86b77889dffce72d,2023-05-04 13:25:00,Kansas City Royals,Baltimore Orioles,0,Thu,AL,31.0,AL,32.0,D,KAN06,Baltimore Orioles,135.0,2023-05-04 13:25:00,11,1,0,Kansas City Royals,AL,AL,31.0,32.0,3.15,2.7300000000000004,15.384615384615351,215.0,2023-05-04,15.0,2506.0,3645.0,21.696428571428573,0.40476190476190477,982.0,-453.0,168.0,21.7,['Barstool']
Pittsburgh Pirates,3.35,2.7,2.75,2.75,3.0,3.0,2.7,2.72,2.76,2.65,2.9,2.88,2.8,2.9,2.88,2.85,2.88,2.85,2.8,2.84,2.74,0.0,0.0,0.0,0.0,0.0,0.0,0.0,0.0,0.0,0.0,0.0,0.0,0.0,0.0,0.0,0.0,0.0,0.0,ce52ddf75854862e982eb53189f3c5c5,2023-05-04 10:35:00,Tampa Bay Rays,Pittsburgh Pirates,0,Thu,NL,32.0,AL,32.0,D,STP01,Tampa Bay Rays,25.0,2023-05-04 10:35:00,10,0,0,Tampa Bay Rays,NL,AL,32.0,32.0,3.35,2.8659090909090907,16.89135606661381,-100.0,2023-05-04,15.0,2406.0,3645.0,21.696428571428573,0.40476190476190477,982.0,-453.0,168.0,21.7,['Barstool']
Miami Marlins,1.95,1.95,1.6,1.0,1.82,1.91,1.8,1.91,1.8,1.5,1.55,1.93,1.71,1.71,1.7,1.71,1.68,1.7,1.71,1.71,2.1,1.9,0.0,0.0,0.0,0.0,0.0,0.0,0.0,0.0,0.0,0.0,0.0,0.0,0.0,0.0,0.0,0.0,0.0,f628cbc5f7f652ffc1b2487c146ec14b,2023-05-04 13:35:00,Miami Marlins,Atlanta Braves,0,Thu,NL,33.0,NL,32.0,D,MIA02,Atlanta Braves,25.0,2023-05-04 13:35:00,13,0,1,Atlanta Braves,NL,NL,32.0,33.0,1.95,1.7521739130434784,11.290322580645151,-100.0,2023-05-04,15.0,2306.0,3645.0,21.696428571428573,0.40476190476190477,982.0,-453.0,168.0,21.7,['Barstool']
New York Yankees,2.6,2.38,2.33,2.33,2.28,2.33,2.33,2.5,2.55,2.5,2.6,2.7,6.25,2.6,6.24,2.6,2.75,2.3,2.26,2.62,2.5,1.0,0.0,0.0,0.0,0.0,0.0,0.0,0.0,0.0,0.0,0.0,0.0,0.0,0.0,0.0,0.0,0.0,0.0,a86baf56068586f6fa983c33520fc77a,2023-05-05 17:25:00,Tampa Bay Rays,New York Yankees,0,Fri,AL,33.0,AL,33.0,N,STP01,Tampa Bay Rays,105.0,2023-05-05 17:25:00,15,0,0,Tampa Bay Rays,AL,AL,33.0,33.0,6.24,2.9039130434782607,114.8824674352448,-100.0,2023-05-05,-200.0,2206.0,3645.0,21.696428571428573,0.40476190476190477,982.0,-453.0,168.0,21.7,['Fanduel']
Cincinnati Reds,3.3,2.9,3.15,2.9,3.35,3.1,3.15,2.85,2.7,4.1,3.1,3.3,3.3,3.8,3.15,3.15,3.3,3.2,3.15,3.13,4.02,2.9,1.0,0.0,0.0,0.0,0.0,0.0,0.0,0.0,0.0,0.0,0.0,0.0,0.0,0.0,0.0,0.0,0.0,7431664628d309f141324011111cb888,2023-05-05 17:55:00,Cincinnati Reds,Chicago White Sox,0,Fri,AL,33.0,NL,33.0,N,LOS03,Chicago White Sox,135.0,2023-05-05 17:55:00,15,0,1,Chicago White Sox,NL,AL,33.0,33.0,3.8,3.1583333333333328,20.316622691292903,-100.0,2023-05-05,-200.0,2106.0,3645.0,21.696428571428573,0.40476190476190477,982.0,-453.0,168.0,21.7,['Draftkings']
Colorado Rockies,2.8,2.65,2.5,2.26,2.62,2.5,2.1,2.85,1.95,2.17,2.3,2.9,2.9,2.9,2.9,2.9,2.9,2.88,2.9,2.3,2.2,2.74,2.38,2.88,0.0,0.0,0.0,0.0,0.0,0.0,0.0,0.0,0.0,0.0,0.0,0.0,0.0,0.0,0.0,cb46fede98d8e625331ee25f908ba70c,2023-05-06 14:00:00,New York Mets,Colorado Rockies,0,Sat,NL,34.0,NL,35.0,D,NYC20,Colorado Rockies,50.0,2023-05-06 14:00:00,13,1,0,New York Mets,NL,NL,34.0,35.0,2.9,2.6112,11.060049019607831,190.0,2023-05-06,190.0,2296.0,3645.0,21.696428571428573,0.40476190476190477,982.0,-453.0,168.0,21.7,"['Draftkings', 'Fanduel']"
Colorado Rockies,2.95,1.57,4.23,3.8,2.85,2.84,2.8,2.88,3.1,2.8,3.0,3.6,3.71,3.2,2.85,2.85,2.85,2.85,2.85,2.25,2.85,2.85,1.03,1.0,0.0,0.0,0.0,0.0,0.0,0.0,0.0,0.0,0.0,0.0,0.0,0.0,0.0,0.0,0.0,b6b33f9763d22605f86fca5ffc5e0b18,2023-05-07 12:10:00,New York Mets,Colorado Rockies,0,Sun,NL,35.0,NL,36.0,D,NYC20,Colorado Rockies,90.0,2023-05-07 12:10:00,10,1,0,New York Mets,NL,NL,35.0,36.0,3.2,2.830400000000001,13.058224985867696,220.0,2023-05-07,570.0,2516.0,3645.0,21.696428571428573,0.40476190476190477,982.0,-453.0,168.0,21.7,['Draftkings']
Detroit Tigers,4.6,4.75,1.65,4.65,1.84,4.4,3.85,1.47,4.33,4.7,5.0,5.0,5.0,5.0,5.1,4.7,4.8,5.3,5.5,5.0,1.72,4.1,0.0,0.0,0.0,0.0,0.0,0.0,0.0,0.0,0.0,0.0,0.0,0.0,0.0,0.0,0.0,0.0,0.0,89f01faa3d2ba756f4599e44dbac79d8,2023-05-07 13:10:00,St. Louis Cardinals,Detroit Tigers,0,Sun,AL,34.0,NL,35.0,D,STL10,St. Louis Cardinals,115.0,2023-05-07 13:10:00,11,0,0,St. Louis Cardinals,AL,NL,34.0,35.0,5.1,4.241739130434782,20.233702337023374,-100.0,2023-05-07,570.0,2416.0,3645.0,21.696428571428573,0.40476190476190477,982.0,-453.0,168.0,21.7,['Fanduel']
Tampa Bay Rays,5.5,4.75,4.65,4.36,4.9,4.0,4.2,5.1,5.5,4.5,5.0,4.3,5.1,4.8,5.1,5.1,5.1,4.75,4.8,5.1,4.7,4.75,4.4,4.84,0.0,0.0,0.0,0.0,0.0,0.0,0.0,0.0,0.0,0.0,0.0,0.0,0.0,0.0,0.0,6a2fd0b38e07e8a22df0dd4f61970df1,2023-05-07 11:25:00,Tampa Bay Rays,New York Yankees,0,Sun,AL,35.0,AL,35.0,D,STP01,Tampa Bay Rays,45.0,2023-05-07 11:25:00,10,1,1,New York Yankees,AL,AL,35.0,35.0,5.5,4.832,13.824503311258267,450.0,2023-05-07,570.0,2866.0,3645.0,21.696428571428573,0.40476190476190477,982.0,-453.0,168.0,21.7,['Barstool']
Milwaukee Brewers,5.4,5.25,5.3,5.0,5.1,5.5,5.0,5.08,5.85,5.0,3.65,3.95,4.7,4.75,5.1,3.75,5.1,4.5,5.0,4.75,5.1,2.01,5.91,5.6,0.0,0.0,0.0,0.0,0.0,0.0,0.0,0.0,0.0,0.0,0.0,0.0,0.0,0.0,0.0,d32dc118243f22e2c657ef43aba51d76,2023-05-09 17:35:00,Milwaukee Brewers,Los Angeles Dodgers,0,Tue,NL,37.0,NL,36.0,N,MIL06,Los Angeles Dodgers,55.0,2023-05-09 17:35:00,16,0,1,Los Angeles Dodgers,NL,NL,36.0,37.0,5.4,4.869999999999999,10.882956878850138,-100.0,2023-05-09,-100.0,2766.0,3645.0,21.696428571428573,0.40476190476190477,982.0,-453.0,168.0,21.7,['Barstool']
Los Angeles Angels,2.65,2.6,2.11,2.11,2.6,2.58,2.62,2.65,2.05,2.12,2.5,2.55,2.1,2.65,2.52,2.05,2.05,2.45,2.05,2.6,2.63,2.6,2.63,2.63,2.63,2.55,2.63,2.12,2.63,1.01,2.14,2.67,2.05,0.0,0.0,0.0,0.0,0.0,0.0,829fe1ffc5d93f6aaeb78cefefc204ac,2023-05-10 13:20:00,Los Angeles Angels,Houston Astros,0,Wed,AL,37.0,AL,38.0,D,ANA01,Houston Astros,13.0,2023-05-10 13:20:00,13,0,1,Houston Astros,AL,AL,38.0,37.0,2.65,2.38764705882353,10.987928061098778,-100.0,2023-05-10,-100.0,2666.0,3645.0,21.696428571428573,0.40476190476190477,982.0,-453.0,168.0,21.7,"['Barstool', 'Draftkings']"
Chicago White Sox,4.8,5.6,3.35,0.0,6.0,0.0,0.0,0.0,0.0,5.25,4.8,5.29,0.0,5.7,4.6,5.0,0.0,0.0,0.0,0.0,5.4,4.7,2.4,4.85,0.0,4.5,5.49,4.3,0.0,4.8,0.0,4.8,0.0,4.8,4.75,4.8,0.0,0.0,0.0,4195e4ddcb0973ebdce1bb8d988bd38d,2023-05-11 13:45:00,Kansas City Royals,Chicago White Sox,0,Thu,AL,39.0,AL,39.0,D,KAN06,Kansas City Royals,95.0,2023-05-11 13:45:00,12,0,0,Kansas City Royals,AL,AL,39.0,39.0,5.7,4.855652173913043,17.388968481375358,-100.0,2023-05-11,-22.0,2566.0,3645.0,21.696428571428573,0.40476190476190477,982.0,-453.0,168.0,21.7,['Draftkings']
Kansas City Royals,1.75,1.65,1.14,0.0,1.57,0.0,0.0,0.0,0.0,1.69,1.73,1.1,0.0,1.62,1.78,1.09,0.0,0.0,0.0,0.0,1.1,1.65,1.12,1.07,0.0,1.8,1.11,1.83,0.0,1.7,0.0,1.75,0.0,1.73,1.68,1.73,0.0,0.0,0.0,4195e4ddcb0973ebdce1bb8d988bd38d,2023-05-11 14:10:00,Kansas City Royals,Chicago White Sox,0,Thu,AL,39.0,AL,39.0,D,KAN06,Kansas City Royals,120.0,2023-05-11 14:10:00,12,1,1,Chicago White Sox,AL,AL,39.0,39.0,1.78,1.5291304347826085,16.406027864657403,78.0,2023-05-11,-22.0,2644.0,3645.0,21.696428571428573,0.40476190476190477,982.0,-453.0,168.0,21.7,['Fanduel']
New York Mets,3.15,2.9,2.95,3.1,3.05,2.84,2.8,3.1,2.99,2.85,3.18,3.5,3.6,3.6,3.6,3.45,3.6,3.5,3.6,3.1,3.05,2.28,0.0,0.0,0.0,0.0,0.0,0.0,0.0,0.0,0.0,0.0,0.0,0.0,0.0,0.0,0.0,0.0,0.0,d26b88def07dc73a8a6387b110e0d68d,2023-05-12 18:05:00,Washington Nationals,New York Mets,0,Fri,NL,40.0,NL,38.0,N,WAS11,New York Mets,119.0,2023-05-12 18:05:00,16,1,0,Washington Nationals,NL,NL,40.0,38.0,3.6,3.190869565217392,12.82191034200845,260.0,2023-05-12,160.0,2904.0,3645.0,21.696428571428573,0.40476190476190477,982.0,-453.0,168.0,21.7,"['Draftkings', 'Fanduel']"
Atlanta Braves,4.9,5.0,7.5,1.65,7.5,4.3,4.2,6.0,3.92,5.5,4.09,3.65,3.5,3.65,3.65,3.65,3.5,3.65,3.45,5.0,4.6,1.33,1.65,0.0,0.0,0.0,0.0,0.0,0.0,0.0,0.0,0.0,0.0,0.0,0.0,0.0,0.0,0.0,0.0,1d89e7b24890817d2e15ec752b345e9a,2023-05-12 18:00:00,Toronto Blue Jays,Atlanta Braves,0,Fri,NL,39.0,AL,38.0,N,TOR02,Toronto Blue Jays,113.0,2023-05-12 18:00:00,16,0,0,Toronto Blue Jays,NL,AL,39.0,38.0,4.9,4.197500000000001,16.736152471709346,-100.0,2023-05-12,160.0,2804.0,3645.0,21.696428571428573,0.40476190476190477,982.0,-453.0,168.0,21.7,['Barstool']
New York Mets,1.95,2.1,2.05,1.65,1.73,1.7,1.67,1.7,1.7,1.7,1.7,1.7,1.7,1.53,1.21,0.0,0.0,0.0,0.0,0.0,0.0,0.0,0.0,0.0,0.0,0.0,0.0,0.0,0.0,0.0,0.0,0.0,0.0,0.0,0.0,0.0,0.0,0.0,0.0,d8016306587bb5a0e9bfb0e29107a8ef,2023-05-13 14:50:00,Washington Nationals,New York Mets,0,Sat,NL,41.0,NL,39.0,D,WAS11,Washington Nationals,105.0,2023-05-13 14:50:00,13,0,0,Washington Nationals,NL,NL,41.0,39.0,1.95,1.73375,12.472963229992809,-100.0,2023-05-13,160.0,2704.0,3645.0,21.696428571428573,0.40476190476190477,982.0,-453.0,168.0,21.7,['Barstool']
Milwaukee Brewers,2.15,2.1,1.95,2.02,2.15,1.43,1.93,1.93,1.89,1.95,1.93,1.94,2.0,1.93,1.0,1.6,2.0,2.13,2.13,2.05,1.65,1.69,0.0,0.0,0.0,0.0,0.0,0.0,0.0,0.0,0.0,0.0,0.0,0.0,0.0,0.0,0.0,0.0,0.0,4eb2ac0cc2f0fecd944856fd659fa692,2023-05-13 17:30:00,Milwaukee Brewers,Kansas City Royals,0,Sat,AL,41.0,NL,39.0,N,MIL06,Milwaukee Brewers,80.0,2023-05-13 17:30:00,16,1,1,Kansas City Royals,NL,AL,39.0,41.0,2.15,1.9,13.157894736842096,115.0,2023-05-13,160.0,2819.0,3645.0,21.696428571428573,0.40476190476190477,982.0,-453.0,168.0,21.7,['Barstool']
Washington Nationals,1.8,1.8,1.74,2.25,2.07,2.14,2.08,2.14,2.14,2.12,2.1,2.14,2.14,2.45,1.64,0.0,0.0,0.0,0.0,0.0,0.0,0.0,0.0,0.0,0.0,0.0,0.0,0.0,0.0,0.0,0.0,0.0,0.0,0.0,0.0,0.0,0.0,0.0,0.0,d8016306587bb5a0e9bfb0e29107a8ef,2023-05-13 15:00:00,Washington Nationals,New York Mets,0,Sat,NL,41.0,NL,39.0,D,WAS11,Washington Nationals,115.0,2023-05-13 15:00:00,13,1,1,New York Mets,NL,NL,39.0,41.0,2.45,2.075,18.07228915662651,145.0,2023-05-13,160.0,2964.0,3645.0,21.696428571428573,0.40476190476190477,982.0,-453.0,168.0,21.7,['Draftkings']
Toronto Blue Jays,1.67,1.62,1.5,1.49,1.49,1.47,1.49,1.49,1.49,1.49,1.49,1.4,1.36,1.44,1.47,1.45,1.36,1.42,1.56,1.53,1.48,1.53,1.55,0.0,0.0,0.0,0.0,0.0,0.0,0.0,0.0,0.0,0.0,0.0,0.0,0.0,0.0,0.0,0.0,eab3e822e0e7aae09a84623b33b5cd4b,2023-05-14 11:25:00,Toronto Blue Jays,Atlanta Braves,0,Sun,NL,41.0,AL,40.0,D,TOR02,Toronto Blue Jays,49.0,2023-05-14 11:25:00,10,1,1,Atlanta Braves,AL,NL,40.0,41.0,1.67,1.49625,11.612364243943205,67.0,2023-05-14,67.0,3031.0,3645.0,21.696428571428573,0.40476190476190477,982.0,-453.0,168.0,21.7,['Barstool']
St. Louis Cardinals,1.18,1.13,1.18,1.18,1.14,2.0,1.18,1.2,1.17,1.18,1.17,1.18,1.15,1.14,1.99,1.14,1.16,1.16,1.18,1.18,1.16,1.16,1.18,1.19,1.19,0.0,0.0,0.0,0.0,0.0,0.0,0.0,0.0,0.0,0.0,0.0,0.0,0.0,0.0,4584596fbb7abcf3c37efa179ce8b184,2023-05-15 17:20:00,St. Louis Cardinals,Milwaukee Brewers,0,Mon,NL,41.0,NL,42.0,N,STL10,St. Louis Cardinals,35.0,2023-05-15 17:20:00,16,1,1,Milwaukee Brewers,NL,NL,42.0,41.0,1.99,1.2638461538461538,57.45587340231283,99.0,2023-05-15,-101.0,3130.0,3645.0,21.696428571428573,0.40476190476190477,982.0,-453.0,168.0,21.7,['Fanduel']
Cincinnati Reds,3.75,3.6,3.65,3.6,3.8,3.8,3.7,2.36,2.29,3.65,3.65,3.65,3.6,3.65,3.65,3.65,3.65,3.3,3.4,3.6,3.65,1.79,2.54,2.2,0.0,0.0,0.0,0.0,0.0,0.0,0.0,0.0,0.0,0.0,0.0,0.0,0.0,0.0,0.0,ce3125f245d25bee046d4c7dc761c57f,2023-05-15 19:00:00,Colorado Rockies,Cincinnati Reds,0,Mon,NL,42.0,NL,42.0,N,DEN02,Colorado Rockies,80.0,2023-05-15 19:00:00,17,0,0,Colorado Rockies,NL,NL,42.0,42.0,3.75,3.3572,11.700226379125452,-100.0,2023-05-15,-101.0,3030.0,3645.0,21.696428571428573,0.40476190476190477,982.0,-453.0,168.0,21.7,['Barstool']
Toronto Blue Jays,3.65,3.6,3.5,3.2,3.4,3.5,3.3,2.88,3.5,3.75,3.7,3.35,3.65,3.5,3.75,3.6,3.5,3.6,1.63,2.94,2.84,2.8,3.4,2.99,1.67,0.0,0.0,0.0,0.0,0.0,0.0,0.0,0.0,0.0,0.0,0.0,0.0,0.0,0.0,e8123b221b43a5ce14a7bf4432dcd691,2023-05-15 16:40:00,Toronto Blue Jays,New York Yankees,0,Mon,AL,43.0,AL,41.0,N,TOR02,New York Yankees,30.0,2023-05-15 16:40:00,16,0,1,New York Yankees,AL,AL,41.0,43.0,3.75,3.267307692307692,14.77339611536199,-100.0,2023-05-15,-101.0,2930.0,3645.0,21.696428571428573,0.40476190476190477,982.0,-453.0,168.0,21.7,['Fanduel']
Toronto Blue Jays,4.5,4.6,4.75,4.4,4.3,5.0,5.2,5.0,3.28,2.25,4.5,4.33,4.35,4.1,4.35,4.35,4.1,4.35,4.35,4.1,1.0,2.6,3.17,0.0,0.0,0.0,0.0,0.0,0.0,0.0,0.0,0.0,0.0,0.0,0.0,0.0,0.0,0.0,0.0,8747a8f3fbbbe49a9bcdc653e7a58fa1,2023-05-16 17:40:00,Toronto Blue Jays,New York Yankees,0,Tue,AL,44.0,AL,42.0,N,TOR02,New York Yankees,93.0,2023-05-16 17:40:00,16,0,1,New York Yankees,AL,AL,42.0,44.0,4.5,4.059583333333332,10.848814533511288,-100.0,2023-05-16,-300.0,2830.0,3645.0,21.696428571428573,0.40476190476190477,982.0,-453.0,168.0,21.7,['Barstool']
San Diego Padres,5.2,5.5,5.4,5.0,4.45,1.52,4.5,4.9,2.23,4.33,4.4,5.4,5.25,4.9,5.4,5.0,5.4,5.1,5.4,4.1,4.54,3.05,5.0,1.5,0.0,0.0,0.0,0.0,0.0,0.0,0.0,0.0,0.0,0.0,0.0,0.0,0.0,0.0,0.0,b5b62f762d3374257ce31c22df6f2741,2023-05-16 19:10:00,San Diego Padres,Kansas City Royals,0,Tue,AL,44.0,NL,43.0,N,SAN02,Kansas City Royals,30.0,2023-05-16 19:10:00,18,0,1,Kansas City Royals,NL,AL,43.0,44.0,5.4,4.5148,19.60662709311597,-100.0,2023-05-16,-300.0,2730.0,3645.0,21.696428571428573,0.40476190476190477,982.0,-453.0,168.0,21.7,['Fanduel']
Philadelphia Phillies,5.8,5.5,5.7,3.0,5.85,5.42,5.4,3.05,6.0,2.5,3.05,5.8,6.4,5.8,6.4,3.05,6.4,5.75,2.0,5.0,4.0,6.0,5.5,0.0,0.0,0.0,0.0,0.0,0.0,0.0,0.0,0.0,0.0,0.0,0.0,0.0,0.0,0.0,0.0,fa47e5a745f21e807b6a96694c630cb4,2023-05-16 20:55:00,San Francisco Giants,Philadelphia Phillies,0,Tue,NL,42.0,NL,43.0,N,SFO03,San Francisco Giants,130.0,2023-05-16 20:55:00,18,0,0,San Francisco Giants,NL,NL,42.0,43.0,6.4,4.990416666666667,28.24580445854552,-100.0,2023-05-16,-300.0,2630.0,3645.0,21.696428571428573,0.40476190476190477,982.0,-453.0,168.0,21.7,['Fanduel']
New York Yankees,2.8,2.35,1.83,0.0,2.45,0.0,0.0,0.0,0.0,2.3,2.8,2.56,0.0,2.35,2.34,2.1,0.0,0.0,0.0,0.0,0.0,2.75,1.75,2.45,0.0,2.3,1.99,2.2,0.0,2.75,0.0,2.8,0.0,2.8,2.75,2.8,0.0,0.0,0.0,1be2da748855d3060c878951ac284ec1,2023-05-17 18:35:00,Toronto Blue Jays,New York Yankees,0,Wed,AL,45.0,AL,43.0,N,TOR02,Toronto Blue Jays,148.0,2023-05-17 18:35:00,16,0,0,Toronto Blue Jays,AL,AL,45.0,43.0,2.8,2.455454545454545,14.031840059237323,-100.0,2023-05-17,-96.0,2530.0,3645.0,21.696428571428573,0.40476190476190477,982.0,-453.0,168.0,21.7,['Barstool']
Kansas City Royals,2.05,1.91,1.25,2.9,1.43,2.2,2.05,1.24,2.1,1.95,2.3,2.15,1.95,1.95,1.85,2.0,1.88,1.95,1.95,2.05,1.2,1.22,1.0,1.24,0.0,0.0,0.0,0.0,0.0,0.0,0.0,0.0,0.0,0.0,0.0,0.0,0.0,0.0,0.0,e978a9e0a62cb683c9d435ff3dc877b8,2023-05-17 15:05:00,San Diego Padres,Kansas City Royals,0,Wed,AL,45.0,NL,44.0,D,SAN02,Kansas City Royals,115.0,2023-05-17 15:05:00,13,1,0,San Diego Padres,AL,NL,45.0,44.0,2.05,1.8328,11.850720209515488,105.0,2023-05-17,-96.0,2635.0,3645.0,21.696428571428573,0.40476190476190477,982.0,-453.0,168.0,21.7,['Barstool']
Philadelphia Phillies,2.05,2.0,1.72,1.89,1.95,2.1,1.73,1.7,1.21,2.14,2.14,1.97,2.14,1.96,2.14,2.14,2.14,1.87,1.9,1.87,1.55,2.05,2.0,0.0,0.0,0.0,0.0,0.0,0.0,0.0,0.0,0.0,0.0,0.0,0.0,0.0,0.0,0.0,0.0,6c27f0c8ad35ff2188bf27a0221403d9,2023-05-17 15:15:00,San Francisco Giants,Philadelphia Phillies,0,Wed,NL,43.0,NL,44.0,N,SFO03,San Francisco Giants,150.0,2023-05-17 15:15:00,12,0,0,San Francisco Giants,NL,NL,43.0,44.0,2.14,1.9375,10.45161290322585,-100.0,2023-05-17,-96.0,2535.0,3645.0,21.696428571428573,0.40476190476190477,982.0,-453.0,168.0,21.7,['Fanduel']
Texas Rangers,2.7,4.2,4.2,4.0,3.9,4.0,4.35,3.9,2.6,3.6,1.0,4.0,4.08,4.2,2.7,3.95,2.75,2.75,4.0,2.75,2.75,4.0,0.0,0.0,0.0,0.0,0.0,0.0,0.0,0.0,0.0,0.0,0.0,0.0,0.0,0.0,0.0,0.0,0.0,5a20cae0867f462b20629ea3e3e42aa6,2023-05-17 18:00:00,Texas Rangers,Atlanta Braves,0,Wed,NL,44.0,AL,43.0,N,ARL03,Atlanta Braves,55.0,2023-05-17 18:00:00,17,0,1,Atlanta Braves,AL,NL,43.0,44.0,4.2,3.503478260869566,19.880863737900214,-100.0,2023-05-17,-96.0,2435.0,3645.0,21.696428571428573,0.40476190476190477,982.0,-453.0,168.0,21.7,['Draftkings']
Toronto Blue Jays,1.74,1.62,1.57,2.03,2.04,2.04,2.0,1.63,1.75,1.85,1.56,1.54,1.95,1.99,1.7,1.0,1.95,1.54,2.04,1.75,1.6,1.8,1.56,1.71,1.57,1.57,1.71,1.57,1.57,1.57,1.95,1.83,0.0,0.0,0.0,0.0,0.0,0.0,0.0,1be2da748855d3060c878951ac284ec1,2023-05-17 16:20:00,Toronto Blue Jays,New York Yankees,0,Wed,AL,45.0,AL,43.0,N,TOR02,Toronto Blue Jays,13.0,2023-05-17 16:20:00,16,1,1,New York Yankees,AL,AL,43.0,45.0,1.99,1.736060606060606,14.62733461337058,99.0,2023-05-17,-96.0,2534.0,3645.0,21.696428571428573,0.40476190476190477,982.0,-453.0,168.0,21.7,['Draftkings']
New York Yankees,1.34,1.35,1.38,0.0,1.33,0.0,0.0,0.0,0.0,1.32,1.34,1.36,0.0,1.53,1.29,1.33,0.0,0.0,0.0,0.0,1.27,1.32,0.0,1.36,0.0,1.29,1.22,1.33,0.0,1.34,0.0,1.34,0.0,1.34,1.34,1.34,0.0,0.0,0.0,6a0610ea28531e7787c24670ed189014,2023-05-18 18:00:00,Toronto Blue Jays,New York Yankees,0,Thu,AL,46.0,AL,44.0,N,TOR02,New York Yankees,113.0,2023-05-18 18:00:00,16,1,0,Toronto Blue Jays,AL,AL,46.0,44.0,1.53,1.3449999999999998,13.754646840148723,53.0,2023-05-18,145.0,2587.0,3645.0,21.696428571428573,0.40476190476190477,982.0,-453.0,168.0,21.7,['Draftkings']
New York Yankees,1.92,1.65,1.67,0.0,1.57,0.0,0.0,0.0,0.0,1.49,1.92,1.36,0.0,1.69,1.93,1.33,0.0,0.0,0.0,0.0,1.27,1.87,0.0,1.58,0.0,1.91,1.22,1.59,0.0,1.89,0.0,1.92,0.0,1.92,1.89,1.92,0.0,0.0,0.0,6a0610ea28531e7787c24670ed189014,2023-05-18 18:05:00,Toronto Blue Jays,New York Yankees,0,Thu,AL,46.0,AL,44.0,N,TOR02,New York Yankees,118.0,2023-05-18 18:05:00,16,1,0,Toronto Blue Jays,AL,AL,46.0,44.0,1.92,1.7013636363636366,12.85065455516964,92.0,2023-05-18,145.0,2679.0,3645.0,21.696428571428573,0.40476190476190477,982.0,-453.0,168.0,21.7,['Barstool']
Philadelphia Phillies,4.1,4.0,3.95,1.77,3.9,3.6,3.9,4.0,4.1,3.76,3.5,2.9,3.6,3.6,3.35,2.95,3.05,2.9,3.05,2.95,2.95,3.05,2.95,3.7,2.88,0.0,0.0,0.0,0.0,0.0,0.0,0.0,0.0,0.0,0.0,0.0,0.0,0.0,0.0,81c2419992e0f529cd3795817399a047,2023-05-19 17:10:00,Philadelphia Phillies,Chicago Cubs,0,Fri,NL,45.0,NL,44.0,N,PHI13,Chicago Cubs,65.0,2023-05-19 17:10:00,16,0,1,Chicago Cubs,NL,NL,44.0,45.0,4.1,3.4061538461538463,20.37037037037034,-100.0,2023-05-19,-257.0,2579.0,3645.0,21.696428571428573,0.40476190476190477,982.0,-453.0,168.0,21.7,['Barstool']
St. Louis Cardinals,2.4,2.05,1.95,2.0,2.22,1.87,1.79,2.0,1.98,2.25,2.02,2.25,2.25,2.2,1.92,1.92,1.92,2.2,2.2,2.0,1.85,1.85,2.25,1.97,2.02,0.0,0.0,0.0,0.0,0.0,0.0,0.0,0.0,0.0,0.0,0.0,0.0,0.0,0.0,d535badd624de977e7eaf6020c88f363,2023-05-19 17:40:00,St. Louis Cardinals,Los Angeles Dodgers,0,Fri,NL,46.0,NL,46.0,N,STL10,Los Angeles Dodgers,25.0,2023-05-19 17:40:00,17,0,1,Los Angeles Dodgers,NL,NL,46.0,46.0,2.4,2.066538461538462,16.13623673925178,-100.0,2023-05-19,-257.0,2479.0,3645.0,21.696428571428573,0.40476190476190477,982.0,-453.0,168.0,21.7,['Barstool']
Detroit Tigers,1.43,1.36,1.4,1.18,1.2,1.04,1.0,1.36,1.36,1.35,1.36,1.36,1.36,1.36,1.36,1.2,1.02,0.0,0.0,0.0,0.0,0.0,0.0,0.0,0.0,0.0,0.0,0.0,0.0,0.0,0.0,0.0,0.0,0.0,0.0,0.0,0.0,0.0,0.0,541377f5b4b45eb6423889ab5f02f086,2023-05-19 18:15:00,Washington Nationals,Detroit Tigers,0,Fri,AL,43.0,NL,45.0,N,WAS11,Detroit Tigers,131.0,2023-05-19 18:15:00,16,1,0,Washington Nationals,AL,NL,43.0,45.0,1.43,1.2849999999999997,11.284046692607037,43.0,2023-05-19,-257.0,2522.0,3645.0,21.696428571428573,0.40476190476190477,982.0,-453.0,168.0,21.7,['Barstool']
Cleveland Guardians,2.5,2.45,1.3,2.38,2.55,2.4,2.3,2.38,1.14,1.32,1.25,1.14,2.2,1.05,2.6,2.55,2.45,2.6,2.55,2.6,2.55,2.48,2.15,2.4,0.0,0.0,0.0,0.0,0.0,0.0,0.0,0.0,0.0,0.0,0.0,0.0,0.0,0.0,0.0,dcb96f7626754e926f00583def7708db,2023-05-19 18:25:00,New York Mets,Cleveland Guardians,0,Fri,AL,44.0,NL,47.0,N,NYC20,New York Mets,135.0,2023-05-19 18:25:00,16,0,0,New York Mets,AL,NL,44.0,47.0,2.6,2.1556,20.61606977175728,-100.0,2023-05-19,-257.0,2422.0,3645.0,21.696428571428573,0.40476190476190477,982.0,-453.0,168.0,21.7,['Fanduel']
St. Louis Cardinals,1.77,1.62,1.75,1.69,1.75,1.82,1.13,1.11,1.09,1.56,1.64,1.61,1.56,1.56,1.56,1.56,1.56,1.67,1.76,1.67,1.75,1.6,0.0,0.0,0.0,0.0,0.0,0.0,0.0,0.0,0.0,0.0,0.0,0.0,0.0,0.0,0.0,0.0,0.0,1c0da596ef99f4439f6502a0cd295e12,2023-05-20 17:40:00,St. Louis Cardinals,Los Angeles Dodgers,0,Sat,NL,47.0,NL,47.0,N,STL10,St. Louis Cardinals,85.0,2023-05-20 17:40:00,16,1,1,Los Angeles Dodgers,NL,NL,47.0,47.0,1.77,1.5895652173913042,11.351203501094105,77.0,2023-05-20,322.0,2499.0,3645.0,21.696428571428573,0.40476190476190477,982.0,-453.0,168.0,21.7,['Barstool']
Baltimore Orioles,3.2,3.6,1.33,0.0,3.25,0.0,0.0,0.0,0.0,3.6,3.2,3.5,0.0,3.5,3.45,2.1,0.0,0.0,0.0,0.0,2.96,3.35,2.5,3.5,0.0,3.4,2.6,3.6,0.0,3.1,0.0,3.2,0.0,3.2,3.1,3.2,0.0,0.0,0.0,bd4162a0260b0a3314227c1463c910c7,2023-05-20 14:05:00,Toronto Blue Jays,Baltimore Orioles,0,Sat,AL,46.0,AL,46.0,D,TOR02,Baltimore Orioles,118.0,2023-05-20 14:05:00,12,1,0,Toronto Blue Jays,AL,AL,46.0,46.0,3.45,3.125652173913044,10.376964807344535,245.0,2023-05-20,322.0,2744.0,3645.0,21.696428571428573,0.40476190476190477,982.0,-453.0,168.0,21.7,['Fanduel']
St. Louis Cardinals,1.87,1.85,1.9,1.91,1.87,2.13,1.87,1.83,1.87,1.9,1.89,2.08,1.92,1.93,2.15,1.92,1.92,1.92,1.92,1.88,1.92,1.89,1.91,1.87,1.87,0.0,0.0,0.0,0.0,0.0,0.0,0.0,0.0,0.0,0.0,0.0,0.0,0.0,0.0,50f2a55a0c4b21816096834a95658bc9,2023-05-21 11:40:00,St. Louis Cardinals,Los Angeles Dodgers,0,Sun,NL,48.0,NL,48.0,D,STL10,St. Louis Cardinals,25.0,2023-05-21 11:40:00,11,1,1,Los Angeles Dodgers,NL,NL,48.0,48.0,2.15,1.9284615384615384,11.487834064619063,115.0,2023-05-21,115.0,2859.0,3645.0,21.696428571428573,0.40476190476190477,982.0,-453.0,168.0,21.7,['Fanduel']
Chicago White Sox,2.75,2.55,2.14,0.0,2.75,0.0,0.0,0.0,0.0,2.5,2.38,2.27,0.0,2.4,2.8,2.15,0.0,0.0,0.0,0.0,2.26,2.65,2.0,2.75,0.0,2.8,2.24,3.0,0.0,2.35,0.0,2.75,0.0,2.75,2.33,2.38,2.05,0.0,0.0,742eb1a5e8d4fe7e943b5ba67a6e70c8,2023-05-22 15:35:00,Cleveland Guardians,Chicago White Sox,0,Mon,AL,49.0,AL,47.0,N,CLE08,Cleveland Guardians,26.0,2023-05-22 15:35:00,15,0,0,Cleveland Guardians,AL,AL,49.0,47.0,2.8,2.4916666666666663,12.374581939799356,-100.0,2023-05-22,-300.0,2759.0,3645.0,21.696428571428573,0.40476190476190477,982.0,-453.0,168.0,21.7,['Fanduel']
Chicago White Sox,2.8,2.85,2.0,0.0,2.45,0.0,0.0,0.0,0.0,2.75,2.23,2.27,0.0,2.85,2.5,2.88,0.0,0.0,0.0,0.0,2.26,2.17,2.95,2.65,0.0,2.62,2.24,1.0,0.0,2.2,0.0,2.23,0.0,2.8,2.2,2.23,2.05,0.0,0.0,742eb1a5e8d4fe7e943b5ba67a6e70c8,2023-05-22 15:40:00,Cleveland Guardians,Chicago White Sox,0,Mon,AL,49.0,AL,47.0,N,CLE08,Cleveland Guardians,31.0,2023-05-22 15:40:00,15,0,0,Cleveland Guardians,AL,AL,49.0,47.0,2.8,2.415833333333333,15.9020351845464,-100.0,2023-05-22,-300.0,2659.0,3645.0,21.696428571428573,0.40476190476190477,982.0,-453.0,168.0,21.7,['Barstool']
Chicago White Sox,2.02,2.3,2.08,0.0,2.25,2.09,2.07,2.08,0.0,2.2,2.02,2.29,2.05,2.35,2.18,2.1,0.0,2.05,2.09,2.09,2.14,1.96,1.99,2.32,0.0,2.05,2.1,2.2,0.0,2.0,2.07,2.17,0.0,2.17,2.0,2.02,2.05,2.05,2.1,742eb1a5e8d4fe7e943b5ba67a6e70c8,2023-05-22 15:20:00,Cleveland Guardians,Chicago White Sox,0,Mon,AL,49.0,AL,47.0,N,CLE08,Cleveland Guardians,11.0,2023-05-22 15:20:00,15,0,0,Cleveland Guardians,AL,AL,49.0,47.0,2.35,2.119117647058824,10.895211658570432,-100.0,2023-05-22,-300.0,2559.0,3645.0,21.696428571428573,0.40476190476190477,982.0,-453.0,168.0,21.7,['Draftkings']
Detroit Tigers,5.8,4.5,4.2,5.25,3.9,4.33,3.3,5.2,5.7,5.4,4.1,4.5,5.0,4.6,4.3,4.5,4.7,4.5,4.5,5.0,4.25,5.24,0.0,0.0,0.0,0.0,0.0,0.0,0.0,0.0,0.0,0.0,0.0,0.0,0.0,0.0,0.0,0.0,0.0,e13d7aa78b289d4405bababc0ac8d5f1,2023-05-23 18:10:00,Kansas City Royals,Detroit Tigers,0,Tue,AL,47.0,AL,50.0,N,KAN06,Kansas City Royals,90.0,2023-05-23 18:10:00,16,0,0,Kansas City Royals,AL,AL,47.0,50.0,5.8,4.720434782608695,22.870037763654807,-100.0,2023-05-23,-90.0,2459.0,3645.0,21.696428571428573,0.40476190476190477,982.0,-453.0,168.0,21.7,['Barstool']
Houston Astros,6.1,5.25,1.0,5.26,5.4,5.5,4.5,4.33,5.0,4.4,4.15,3.85,4.1,4.35,5.4,5.1,5.4,5.4,4.35,5.2,5.0,5.4,5.58,0.0,0.0,0.0,0.0,0.0,0.0,0.0,0.0,0.0,0.0,0.0,0.0,0.0,0.0,0.0,0.0,a889c392835bc98bb82d961774036798,2023-05-23 18:35:00,Milwaukee Brewers,Houston Astros,0,Tue,AL,48.0,NL,48.0,N,MIL06,Milwaukee Brewers,115.0,2023-05-23 18:35:00,16,0,0,Milwaukee Brewers,AL,NL,48.0,48.0,6.1,4.838333333333334,26.07647261453667,-100.0,2023-05-23,-90.0,2359.0,3645.0,21.696428571428573,0.40476190476190477,982.0,-453.0,168.0,21.7,['Barstool']
Milwaukee Brewers,1.83,1.73,1.71,1.91,1.71,1.73,1.73,2.2,1.65,2.08,2.1,1.75,2.09,2.1,2.14,2.1,1.76,1.69,1.74,2.05,2.18,2.18,2.18,1.72,1.72,1.81,1.72,1.82,1.82,2.14,1.8,1.78,1.74,2.16,0.0,0.0,0.0,0.0,0.0,a889c392835bc98bb82d961774036798,2023-05-23 16:50:00,Milwaukee Brewers,Houston Astros,0,Tue,AL,48.0,NL,48.0,N,MIL06,Milwaukee Brewers,10.0,2023-05-23 16:50:00,16,1,1,Houston Astros,NL,AL,48.0,48.0,2.1,1.9048571428571428,10.24448777561122,110.0,2023-05-23,-90.0,2469.0,3645.0,21.696428571428573,0.40476190476190477,982.0,-453.0,168.0,21.7,['Draftkings']
Baltimore Orioles,3.0,2.9,3.0,2.45,2.4,2.64,2.7,2.62,2.27,2.15,2.7,2.7,2.7,2.75,2.7,2.7,2.75,2.75,2.4,2.55,2.4,2.42,0.0,0.0,0.0,0.0,0.0,0.0,0.0,0.0,0.0,0.0,0.0,0.0,0.0,0.0,0.0,0.0,0.0,f14a87646bac27cd7adedb2f261b9f9e,2023-05-24 18:15:00,New York Yankees,Baltimore Orioles,0,Wed,AL,49.0,AL,51.0,N,NYC21,Baltimore Orioles,35.0,2023-05-24 18:15:00,17,1,0,New York Yankees,AL,AL,49.0,51.0,3.0,2.63695652173913,13.76751854905195,200.0,2023-05-24,200.0,2669.0,3645.0,21.696428571428573,0.40476190476190477,982.0,-453.0,168.0,21.7,['Barstool']
New York Yankees,2.25,2.38,2.4,2.35,2.32,2.62,2.55,2.38,2.53,2.52,2.55,2.55,2.48,2.55,2.9,2.55,2.55,2.35,2.25,1.0,2.45,1.01,0.0,0.0,0.0,0.0,0.0,0.0,0.0,0.0,0.0,0.0,0.0,0.0,0.0,0.0,0.0,0.0,0.0,f28c9aa826ae3ad1e7b1d7d53209fdd0,2023-05-25 17:50:00,New York Yankees,Baltimore Orioles,0,Thu,AL,50.0,AL,52.0,N,NYC21,Baltimore Orioles,102.0,2023-05-25 17:50:00,16,0,1,Baltimore Orioles,AL,AL,52.0,50.0,2.9,2.364782608695652,22.63283691855122,-100.0,2023-05-25,-165.0,2569.0,3645.0,21.696428571428573,0.40476190476190477,982.0,-453.0,168.0,21.7,['Fanduel']
San Diego Padres,1.33,1.18,1.18,1.09,1.12,1.11,1.12,1.2,1.14,1.12,1.38,1.31,1.3,1.35,1.17,1.17,1.16,1.08,1.17,1.17,1.17,1.27,1.12,0.0,0.0,0.0,0.0,0.0,0.0,0.0,0.0,0.0,0.0,0.0,0.0,0.0,0.0,0.0,0.0,f232763109ac48a641631c6925ccf85b,2023-05-25 13:50:00,Washington Nationals,San Diego Padres,0,Thu,NL,50.0,NL,50.0,D,WAS11,San Diego Padres,45.0,2023-05-25 13:50:00,13,1,0,Washington Nationals,NL,NL,50.0,50.0,1.35,1.198333333333334,12.656467315716224,35.0,2023-05-25,-165.0,2604.0,3645.0,21.696428571428573,0.40476190476190477,982.0,-453.0,168.0,21.7,['Draftkings']
Chicago White Sox,2.05,2.0,1.47,0.0,1.87,0.0,0.0,0.0,0.0,1.87,2.05,1.51,0.0,2.1,2.08,1.44,0.0,0.0,0.0,0.0,0.0,2.0,2.0,1.97,0.0,2.05,1.48,1.95,0.0,1.96,0.0,1.97,0.0,1.97,2.02,2.05,1.67,0.0,0.0,464a61aa4174b9bacf17eebab3adea8c,2023-05-25 16:45:00,Detroit Tigers,Chicago White Sox,0,Thu,AL,52.0,AL,49.0,N,DET05,Detroit Tigers,65.0,2023-05-25 16:45:00,15,0,0,Detroit Tigers,AL,AL,52.0,49.0,2.1,1.8969565217391309,10.703644281457692,-100.0,2023-05-25,-165.0,2504.0,3645.0,21.696428571428573,0.40476190476190477,982.0,-453.0,168.0,21.7,['Draftkings']
Chicago White Sox,4.4,3.6,3.95,4.33,3.84,4.2,3.9,3.8,3.7,3.8,3.65,4.25,3.9,3.95,3.9,3.85,4.0,3.8,3.65,4.0,4.0,4.0,3.85,3.8,0.0,0.0,0.0,0.0,0.0,0.0,0.0,0.0,0.0,0.0,0.0,0.0,0.0,0.0,0.0,0b641e20ce67454f5f12943b91d6704e,2023-05-27 11:10:00,Detroit Tigers,Chicago White Sox,0,Sat,AL,54.0,AL,51.0,D,DET05,Detroit Tigers,60.0,2023-05-27 11:10:00,10,0,0,Detroit Tigers,AL,AL,54.0,51.0,4.4,3.9408,11.652456354039812,-100.0,2023-05-27,-300.0,2404.0,3645.0,21.696428571428573,0.40476190476190477,982.0,-453.0,168.0,21.7,['Barstool']
Oakland Athletics,4.1,3.2,4.5,3.25,3.1,3.25,3.0,3.25,3.25,3.3,3.15,3.25,3.1,3.25,3.4,4.25,4.0,3.1,2.92,4.17,2.95,4.0,3.2,0.0,0.0,0.0,0.0,0.0,0.0,0.0,0.0,0.0,0.0,0.0,0.0,0.0,0.0,0.0,0.0,6c0f352c4e49ef3a591af54e1e3ae6a9,2023-05-27 14:30:00,Oakland Athletics,Houston Astros,0,Sat,AL,51.0,AL,54.0,D,OAK01,Houston Astros,83.0,2023-05-27 14:30:00,13,0,1,Houston Astros,AL,AL,54.0,51.0,4.1,3.4600000000000004,18.497109826589565,-100.0,2023-05-27,-300.0,2304.0,3645.0,21.696428571428573,0.40476190476190477,982.0,-453.0,168.0,21.7,['Barstool']
Oakland Athletics,4.6,4.6,4.5,5.75,5.25,5.75,5.0,5.75,5.75,3.85,5.3,5.75,4.5,5.5,5.5,5.0,4.1,5.25,4.1,4.82,4.7,3.6,3.6,0.0,0.0,0.0,0.0,0.0,0.0,0.0,0.0,0.0,0.0,0.0,0.0,0.0,0.0,0.0,0.0,6c0f352c4e49ef3a591af54e1e3ae6a9,2023-05-27 14:00:00,Oakland Athletics,Houston Astros,0,Sat,AL,51.0,AL,54.0,D,OAK01,Houston Astros,53.0,2023-05-27 14:00:00,13,0,1,Houston Astros,AL,AL,54.0,51.0,5.5,4.917499999999999,11.845449923741768,-100.0,2023-05-27,-300.0,2204.0,3645.0,21.696428571428573,0.40476190476190477,982.0,-453.0,168.0,21.7,"['Draftkings', 'Fanduel']"
Detroit Tigers,4.4,4.2,4.35,3.8,2.95,4.1,4.05,4.0,4.7,4.33,1.88,2.5,3.7,4.1,4.2,4.7,4.7,4.7,4.7,4.35,4.4,4.7,4.3,1.01,0.0,0.0,0.0,0.0,0.0,0.0,0.0,0.0,0.0,0.0,0.0,0.0,0.0,0.0,0.0,cf37867312d93b607255bcad56d59e00,2023-05-28 13:10:00,Detroit Tigers,Chicago White Sox,0,Sun,AL,55.0,AL,52.0,D,DET05,Detroit Tigers,150.0,2023-05-28 13:10:00,10,1,1,Chicago White Sox,AL,AL,52.0,55.0,4.4,3.968800000000001,10.864745011086455,340.0,2023-05-28,240.0,2544.0,3645.0,21.696428571428573,0.40476190476190477,982.0,-453.0,168.0,21.7,['Barstool']
Oakland Athletics,2.85,2.7,2.75,2.8,3.0,2.96,3.12,2.8,2.88,2.75,2.88,3.15,3.03,3.3,3.0,2.85,3.0,3.0,3.0,2.9,3.0,2.95,2.9,3.05,2.96,0.0,0.0,0.0,0.0,0.0,0.0,0.0,0.0,0.0,0.0,0.0,0.0,0.0,0.0,3dd9943e60f765c1b520096aa2d6f5cd,2023-05-28 13:30:00,Oakland Athletics,Houston Astros,0,Sun,AL,52.0,AL,55.0,D,OAK01,Houston Astros,23.0,2023-05-28 13:30:00,13,0,1,Houston Astros,AL,AL,55.0,52.0,3.3,2.9569230769230765,11.602497398543209,-100.0,2023-05-28,240.0,2444.0,3645.0,21.696428571428573,0.40476190476190477,982.0,-453.0,168.0,21.7,['Draftkings']
Seattle Mariners,3.95,3.7,3.5,4.0,4.2,4.1,3.55,1.85,1.69,3.22,3.55,3.7,3.05,3.5,3.8,4.2,4.2,4.2,4.2,3.95,4.2,4.0,1.71,3.2,0.0,0.0,0.0,0.0,0.0,0.0,0.0,0.0,0.0,0.0,0.0,0.0,0.0,0.0,0.0,d2a9841c2b346d8fd132bf96dcc8c030,2023-05-30 19:00:00,Seattle Mariners,New York Yankees,0,Tue,AL,57.0,AL,55.0,N,SEA03,New York Yankees,20.0,2023-05-30 19:00:00,18,0,1,New York Yankees,AL,AL,55.0,57.0,3.95,3.5668000000000006,10.743523606594124,-100.0,2023-05-30,145.0,2344.0,3645.0,21.696428571428573,0.40476190476190477,982.0,-453.0,168.0,21.7,['Barstool']
Oakland Athletics,3.45,2.88,3.08,3.08,3.0,3.15,3.0,3.2,3.0,2.8,3.1,3.0,3.15,3.04,3.15,3.1,2.88,2.98,3.1,3.15,3.3,3.1,2.85,3.0,2.95,2.95,3.5,3.2,2.95,2.75,3.5,2.88,2.8,2.8,3.0,3.3,2.98,0.0,0.0,c2e1e3fed9d9a6679153278c83c5e969,2023-05-30 18:45:00,Oakland Athletics,Atlanta Braves,0,Tue,NL,56.0,AL,57.0,N,OAK01,Oakland Athletics,5.0,2023-05-30 18:45:00,18,1,1,Atlanta Braves,AL,NL,57.0,56.0,3.45,3.067105263157895,12.483912483912476,245.0,2023-05-30,145.0,2589.0,3645.0,21.696428571428573,0.40476190476190477,982.0,-453.0,168.0,21.7,['Barstool']
Philadelphia Phillies,5.75,3.95,4.0,0.0,3.9,0.0,0.0,0.0,0.0,3.75,6.1,3.77,0.0,3.8,3.9,2.1,0.0,0.0,0.0,0.0,3.95,5.2,0.0,3.85,0.0,3.7,2.2,3.8,0.0,0.0,0.0,6.1,0.0,5.75,5.3,5.75,0.0,0.0,0.0,37d8da471583dccb66e3e0d3d8f0662f,2023-06-02 18:35:00,Washington Nationals,Philadelphia Phillies,0,Fri,NL,57.0,NL,57.0,N,WAS11,Washington Nationals,150.0,2023-06-02 18:35:00,16,0,0,Washington Nationals,NL,NL,57.0,57.0,5.75,4.398571428571429,30.72426112374147,-100.0,2023-06-02,-200.0,2489.0,3645.0,21.696428571428573,0.40476190476190477,982.0,-453.0,168.0,21.7,['Barstool']
Seattle Mariners,3.9,3.7,3.45,3.1,3.35,3.1,3.4,2.88,3.86,2.98,4.1,3.45,3.45,3.45,3.55,3.1,3.45,3.1,3.45,3.6,3.6,3.2,3.35,0.0,0.0,0.0,0.0,0.0,0.0,0.0,0.0,0.0,0.0,0.0,0.0,0.0,0.0,0.0,0.0,b0c2f81d8c30fc4a146e01364695a7bd,2023-06-02 18:35:00,Texas Rangers,Seattle Mariners,0,Fri,AL,57.0,AL,56.0,N,ARL03,Texas Rangers,90.0,2023-06-02 18:35:00,17,0,0,Texas Rangers,AL,AL,57.0,56.0,3.9,3.43625,13.495816660603865,-100.0,2023-06-02,-200.0,2389.0,3645.0,21.696428571428573,0.40476190476190477,982.0,-453.0,168.0,21.7,['Barstool']
Washington Nationals,3.0,2.8,2.65,2.38,2.38,2.75,2.68,2.7,2.8,2.35,2.05,2.4,2.95,2.33,2.32,2.85,2.63,2.85,2.85,2.8,2.85,2.7,2.85,2.8,2.6,2.2,2.75,0.0,0.0,0.0,0.0,0.0,0.0,0.0,0.0,0.0,0.0,0.0,0.0,e1579fa20e9256bbe0fcc218a2054385,2023-06-04 10:50:00,Washington Nationals,Philadelphia Phillies,0,Sun,NL,59.0,NL,59.0,D,WAS11,Philadelphia Phillies,15.0,2023-06-04 10:50:00,10,0,1,Philadelphia Phillies,NL,NL,59.0,59.0,3.0,2.6525000000000003,13.1008482563619,-100.0,2023-06-04,-100.0,2289.0,3645.0,21.696428571428573,0.40476190476190477,982.0,-453.0,168.0,21.7,['Barstool']
Toronto Blue Jays,2.65,2.55,1.89,1.89,2.05,1.83,1.89,2.45,1.82,1.83,1.88,1.83,2.68,2.7,2.62,2.6,1.83,1.88,1.91,2.1,2.45,2.55,1.91,1.81,2.7,2.7,2.7,2.7,2.6,2.65,2.7,2.55,2.6,1.85,1.73,2.66,0.0,0.0,0.0,01bd08781fc36bbd960a2e5869e3ff54,2023-06-05 16:15:00,Toronto Blue Jays,Houston Astros,0,Mon,AL,60.0,AL,61.0,N,TOR02,Houston Astros,8.0,2023-06-05 16:15:00,16,0,1,Houston Astros,AL,AL,61.0,60.0,2.7,2.2821621621621624,18.30885836096636,-100.0,2023-06-05,-100.0,2189.0,3645.0,21.696428571428573,0.40476190476190477,982.0,-453.0,168.0,21.7,['Draftkings']
Miami Marlins,1.12,1.55,1.11,1.14,1.1,1.12,1.14,1.09,1.11,1.1,1.11,1.53,1.08,1.54,1.13,1.13,1.12,1.13,1.09,1.13,1.13,1.13,1.11,1.16,0.0,0.0,0.0,0.0,0.0,0.0,0.0,0.0,0.0,0.0,0.0,0.0,0.0,0.0,0.0,6ebf580b1fdd85d58e4c08f9f5bb16b5,2023-06-06 16:50:00,Miami Marlins,Kansas City Royals,0,Tue,AL,61.0,NL,62.0,N,MIA02,Miami Marlins,70.0,2023-06-06 16:50:00,15,1,1,Kansas City Royals,NL,AL,62.0,61.0,1.54,1.1855999999999995,29.89203778677468,54.0,2023-06-06,45.0,2243.0,3645.0,21.696428571428573,0.40476190476190477,982.0,-453.0,168.0,21.7,['Draftkings']
Toronto Blue Jays,1.37,1.33,1.37,1.91,1.9,1.43,1.4,1.33,1.71,1.38,1.97,1.36,1.95,1.91,1.32,1.35,1.35,1.33,1.33,1.33,1.34,1.28,1.34,1.95,2.04,0.0,0.0,0.0,0.0,0.0,0.0,0.0,0.0,0.0,0.0,0.0,0.0,0.0,0.0,6e045995cd58eedbc0253501dc1a0b82,2023-06-06 16:55:00,Toronto Blue Jays,Houston Astros,0,Tue,AL,61.0,AL,62.0,N,TOR02,Toronto Blue Jays,48.0,2023-06-06 16:55:00,16,1,1,Houston Astros,AL,AL,62.0,61.0,1.91,1.5457692307692308,23.56307539188854,91.0,2023-06-06,45.0,2334.0,3645.0,21.696428571428573,0.40476190476190477,982.0,-453.0,168.0,21.7,['Draftkings']
Houston Astros,4.0,4.0,3.65,3.5,1.9,3.45,3.4,3.4,2.2,3.35,3.57,3.6,1.85,3.3,3.6,3.7,3.55,3.55,3.55,3.55,3.6,3.45,3.5,3.55,3.7,0.0,0.0,0.0,0.0,0.0,0.0,0.0,0.0,0.0,0.0,0.0,0.0,0.0,0.0,6e045995cd58eedbc0253501dc1a0b82,2023-06-06 17:05:00,Toronto Blue Jays,Houston Astros,0,Tue,AL,61.0,AL,62.0,N,TOR02,Toronto Blue Jays,58.0,2023-06-06 17:05:00,16,0,0,Toronto Blue Jays,AL,AL,61.0,62.0,4.0,3.4026923076923072,17.5539730982254,-100.0,2023-06-06,45.0,2234.0,3645.0,21.696428571428573,0.40476190476190477,982.0,-453.0,168.0,21.7,['Barstool']
St. Louis Cardinals,2.95,2.9,2.85,2.4,3.05,3.0,2.19,2.43,2.45,2.3,2.85,2.72,2.75,2.6,3.1,2.34,2.15,3.15,3.15,3.25,3.15,3.15,2.95,3.05,3.05,0.0,0.0,0.0,0.0,0.0,0.0,0.0,0.0,0.0,0.0,0.0,0.0,0.0,0.0,ff9f7e8292395b48689b49a07d4e6e74,2023-06-07 17:25:00,Texas Rangers,St. Louis Cardinals,0,Wed,NL,63.0,AL,61.0,N,ARL03,St. Louis Cardinals,20.0,2023-06-07 17:25:00,17,1,0,Texas Rangers,NL,AL,63.0,61.0,3.1,2.808846153846154,10.365603176776643,210.0,2023-06-07,110.0,2444.0,3645.0,21.696428571428573,0.40476190476190477,982.0,-453.0,168.0,21.7,['Fanduel']
Minnesota Twins,4.3,3.1,4.1,3.03,3.8,2.88,2.9,1.95,3.1,2.95,2.9,3.0,3.25,2.88,3.65,3.1,3.1,3.65,3.0,2.95,3.1,3.35,3.0,2.92,0.0,0.0,0.0,0.0,0.0,0.0,0.0,0.0,0.0,0.0,0.0,0.0,0.0,0.0,0.0,e4a0d2c34db17061fe7b719232eed45a,2023-06-07 16:20:00,Tampa Bay Rays,Minnesota Twins,0,Wed,AL,62.0,AL,64.0,N,STP01,Tampa Bay Rays,40.0,2023-06-07 16:20:00,15,0,0,Tampa Bay Rays,AL,AL,62.0,64.0,4.3,3.2103999999999995,33.939695988038906,-100.0,2023-06-07,110.0,2344.0,3645.0,21.696428571428573,0.40476190476190477,982.0,-453.0,168.0,21.7,['Barstool']
New York Mets,5.5,5.5,4.5,4.5,4.33,5.3,5.0,4.7,2.7,2.5,5.0,4.75,5.0,5.25,5.0,2.1,4.3,1.01,4.33,2.55,2.24,5.15,2.33,0.0,0.0,0.0,0.0,0.0,0.0,0.0,0.0,0.0,0.0,0.0,0.0,0.0,0.0,0.0,0.0,3b7939c00d890e9790dae64292da4371,2023-06-09 17:00:00,Pittsburgh Pirates,New York Mets,0,Fri,NL,65.0,NL,62.0,N,PIT08,Pittsburgh Pirates,55.0,2023-06-09 17:00:00,16,0,0,Pittsburgh Pirates,NL,NL,65.0,62.0,5.25,4.11625,27.54327361068934,-100.0,2023-06-09,-100.0,2244.0,3645.0,21.696428571428573,0.40476190476190477,982.0,-453.0,168.0,21.7,['Draftkings']
Seattle Mariners,1.06,1.02,1.05,1.0,1.62,1.05,1.05,1.05,1.05,1.06,1.06,1.02,1.05,1.04,1.57,1.04,1.01,1.04,1.06,0.0,0.0,0.0,0.0,0.0,0.0,0.0,0.0,0.0,0.0,0.0,0.0,0.0,0.0,0.0,0.0,0.0,0.0,0.0,0.0,049af99649ef6913ffde00d552dc6d4f,2023-06-13 19:45:00,Seattle Mariners,Miami Marlins,0,Tue,NL,68.0,AL,66.0,N,SEA03,Seattle Mariners,65.0,2023-06-13 19:45:00,18,1,1,Miami Marlins,AL,NL,66.0,68.0,1.57,1.1235000000000002,39.74187805963504,57.0,2023-06-13,-43.0,2301.0,3645.0,21.696428571428573,0.40476190476190477,982.0,-453.0,168.0,21.7,['Fanduel']
Chicago White Sox,6.0,4.8,3.1,2.96,2.62,5.5,2.7,2.78,2.78,2.7,3.01,2.98,5.25,4.9,3.2,5.25,3.2,5.25,4.6,5.0,3.25,2.96,2.6,3.0,2.75,3.15,3.15,0.0,0.0,0.0,0.0,0.0,0.0,0.0,0.0,0.0,0.0,0.0,0.0,7f685cb452d6a2938aed6928d43537d4,2023-06-13 19:25:00,Los Angeles Dodgers,Chicago White Sox,0,Tue,AL,68.0,NL,67.0,N,LOS03,Los Angeles Dodgers,15.0,2023-06-13 19:25:00,19,0,0,Los Angeles Dodgers,AL,NL,68.0,67.0,6.0,3.7657142857142856,59.33232169954477,-100.0,2023-06-13,-43.0,2201.0,3645.0,21.696428571428573,0.40476190476190477,982.0,-453.0,168.0,21.7,['Barstool']
St. Louis Cardinals,1.57,1.48,1.04,1.57,1.57,1.01,1.57,1.4,1.01,1.52,1.02,1.5,1.43,1.38,1.43,1.43,1.42,1.43,1.43,1.43,1.48,1.44,1.01,0.0,0.0,0.0,0.0,0.0,0.0,0.0,0.0,0.0,0.0,0.0,0.0,0.0,0.0,0.0,0.0,8ef97dff3db9bfece3ca8e5e7ae301f8,2023-06-14 12:40:00,St. Louis Cardinals,San Francisco Giants,0,Wed,NL,69.0,NL,69.0,N,STL10,San Francisco Giants,145.0,2023-06-14 12:40:00,10,0,1,San Francisco Giants,NL,NL,69.0,69.0,1.57,1.3808333333333331,13.699456849728437,-100.0,2023-06-14,-200.0,2101.0,3645.0,21.696428571428573,0.40476190476190477,982.0,-453.0,168.0,21.7,['Barstool']
Milwaukee Brewers,4.9,4.8,4.1,4.2,4.1,5.0,2.4,4.65,4.5,4.2,4.7,4.7,4.35,4.7,4.7,4.4,4.5,4.6,4.44,4.15,4.75,4.3,2.43,0.0,0.0,0.0,0.0,0.0,0.0,0.0,0.0,0.0,0.0,0.0,0.0,0.0,0.0,0.0,0.0,f5deb761b2d89af554a741e89892fa66,2023-06-14 11:15:00,Minnesota Twins,Milwaukee Brewers,0,Wed,NL,68.0,AL,68.0,N,MIN04,Minnesota Twins,65.0,2023-06-14 11:15:00,10,0,0,Minnesota Twins,NL,AL,68.0,68.0,4.9,4.352916666666668,12.568201397530371,-100.0,2023-06-14,-200.0,2001.0,3645.0,21.696428571428573,0.40476190476190477,982.0,-453.0,168.0,21.7,['Barstool']
San Diego Padres,3.4,3.5,3.6,3.5,3.55,3.5,3.4,3.5,3.4,3.45,3.5,3.6,3.2,3.5,3.75,3.55,2.6,3.35,3.4,3.5,3.4,3.1,2.57,0.0,0.0,0.0,0.0,0.0,0.0,0.0,0.0,0.0,0.0,0.0,0.0,0.0,0.0,0.0,0.0,1bf5220825b2f9279b602cfe10323437,2023-06-15 20:10:00,San Diego Padres,Cleveland Guardians,0,Thu,AL,68.0,NL,68.0,D,SAN02,Cleveland Guardians,149.0,2023-06-15 20:10:00,17,0,1,Cleveland Guardians,NL,AL,68.0,68.0,3.75,3.39875,10.334681868333972,-100.0,2023-06-15,110.0,1901.0,3645.0,21.696428571428573,0.40476190476190477,982.0,-453.0,168.0,21.7,['Fanduel']
Detroit Tigers,2.9,3.05,2.3,0.0,2.8,0.0,0.0,0.0,0.0,2.05,2.9,2.32,0.0,3.1,2.88,2.1,0.0,0.0,0.0,0.0,0.0,2.8,2.1,3.15,0.0,2.8,2.63,3.0,0.0,0.0,0.0,2.9,0.0,2.9,2.85,2.9,0.0,0.0,0.0,4a5793d52b93c05d6ea8ec031766994d,2023-06-15 16:45:00,Minnesota Twins,Detroit Tigers,0,Thu,AL,68.0,AL,69.0,N,MIN04,Detroit Tigers,35.0,2023-06-15 16:45:00,16,1,0,Minnesota Twins,AL,AL,68.0,69.0,3.1,2.739523809523809,13.158352164088306,210.0,2023-06-15,110.0,2111.0,3645.0,21.696428571428573,0.40476190476190477,982.0,-453.0,168.0,21.7,['Draftkings']
Houston Astros,2.75,3.0,2.88,2.86,2.8,3.15,2.6,2.95,2.6,2.5,2.85,2.67,3.03,3.25,3.2,3.2,3.2,3.1,3.05,2.95,3.2,2.7,1.83,2.96,2.54,0.0,0.0,0.0,0.0,0.0,0.0,0.0,0.0,0.0,0.0,0.0,0.0,0.0,0.0,a252d2e19c88e6d002807cbe9e5e391a,2023-06-17 13:30:00,Houston Astros,Cincinnati Reds,0,Sat,NL,72.0,AL,71.0,D,HOU03,Cincinnati Reds,20.0,2023-06-17 13:30:00,13,0,1,Cincinnati Reds,AL,NL,71.0,72.0,3.25,2.887307692307693,12.561609164779526,-100.0,2023-06-17,-100.0,2011.0,3645.0,21.696428571428573,0.40476190476190477,982.0,-453.0,168.0,21.7,['Draftkings']
Baltimore Orioles,2.55,2.4,2.46,0.0,2.55,1.98,1.96,1.95,0.0,2.7,2.55,1.95,1.85,2.4,2.46,2.6,0.0,1.9,1.96,1.97,2.0,2.45,1.8,2.45,0.0,2.38,1.97,2.45,1.91,0.0,1.88,2.55,0.0,2.55,2.5,2.63,1.83,1.91,1.95,76ddd1c29b0cd79fc1d1f9864950a7a5,2023-06-18 10:15:00,Chicago Cubs,Baltimore Orioles,0,Sun,AL,71.0,NL,72.0,N,CHI11,Baltimore Orioles,10.0,2023-06-18 10:15:00,10,1,0,Chicago Cubs,AL,NL,71.0,72.0,2.55,2.2338235294117643,14.154048716260704,155.0,2023-06-18,155.0,2166.0,3645.0,21.696428571428573,0.40476190476190477,982.0,-453.0,168.0,21.7,['Barstool']
Minnesota Twins,6.3,5.5,5.5,1.98,6.25,1.67,5.5,5.3,5.0,5.5,1.85,1.75,1.8,6.0,6.4,6.25,6.5,5.4,6.4,5.8,6.4,5.5,1.82,0.0,0.0,0.0,0.0,0.0,0.0,0.0,0.0,0.0,0.0,0.0,0.0,0.0,0.0,0.0,0.0,f898f386740856afd3bc0ae8cd953df7,2023-06-19 18:20:00,Minnesota Twins,Boston Red Sox,0,Mon,AL,73.0,AL,73.0,N,MIN04,Boston Red Sox,100.0,2023-06-19 18:20:00,16,0,1,Boston Red Sox,AL,AL,73.0,73.0,6.4,4.865416666666667,31.5406354371842,-100.0,2023-06-19,-23.0,2066.0,3645.0,21.696428571428573,0.40476190476190477,982.0,-453.0,168.0,21.7,['Fanduel']
Chicago Cubs,1.34,1.29,1.32,1.77,1.2,1.66,1.31,1.3,1.33,1.36,1.57,1.76,1.31,1.77,1.6,1.28,1.23,1.29,1.27,1.28,1.28,1.29,1.28,1.21,1.77,0.0,0.0,0.0,0.0,0.0,0.0,0.0,0.0,0.0,0.0,0.0,0.0,0.0,0.0,269f9c9a60f285741050ce24dca884e0,2023-06-19 16:35:00,Pittsburgh Pirates,Chicago Cubs,0,Mon,NL,73.0,NL,71.0,N,PIT08,Chicago Cubs,30.0,2023-06-19 16:35:00,16,1,0,Pittsburgh Pirates,NL,NL,73.0,71.0,1.77,1.4169230769230774,24.91856677524425,77.0,2023-06-19,-23.0,2143.0,3645.0,21.696428571428573,0.40476190476190477,982.0,-453.0,168.0,21.7,['Draftkings']
San Francisco Giants,,3.55,2.74,0.0,2.0,0.0,0.0,0.0,0.0,2.7,0.0,4.76,0.0,4.8,1.91,3.6,0.0,0.0,0.0,0.0,4.5,0.0,2.7,2.5,0.0,1.95,5.87,3.2,0.0,0.0,0.0,0.0,0.0,2.7,2.8,0.0,0.0,0.0,0.0,b2415e2fdfdb631434d4cecb16a0d32f,2023-06-20 20:35:00,San Francisco Giants,San Diego Padres,0,Tue,NL,73.0,NL,74.0,N,SFO03,San Francisco Giants,110.0,2023-06-20 20:35:00,18,1,1,San Diego Padres,NL,NL,74.0,73.0,4.8,3.357647058823529,42.95725297827612,380.0,2023-06-20,537.0,2523.0,3645.0,21.696428571428573,0.40476190476190477,982.0,-453.0,168.0,21.7,['Draftkings']
San Francisco Giants,2.75,3.4,2.7,3.12,2.65,4.0,3.2,2.54,2.63,2.62,3.2,2.85,2.7,3.57,3.25,3.4,3.15,3.15,3.15,0.0,0.0,0.0,0.0,0.0,0.0,0.0,0.0,0.0,0.0,0.0,0.0,0.0,0.0,0.0,0.0,0.0,0.0,0.0,0.0,b2415e2fdfdb631434d4cecb16a0d32f,2023-06-20 19:45:00,San Francisco Giants,San Diego Padres,0,Tue,NL,73.0,NL,74.0,N,SFO03,San Francisco Giants,60.0,2023-06-20 19:45:00,18,1,1,San Diego Padres,NL,NL,74.0,73.0,3.57,3.08,15.909090909090908,257.0,2023-06-20,537.0,2780.0,3645.0,21.696428571428573,0.40476190476190477,982.0,-453.0,168.0,21.7,['Draftkings']
San Diego Padres,1.2,1.15,1.17,1.5,1.22,1.22,1.22,1.18,1.2,1.2,1.18,1.19,1.22,1.49,1.25,1.12,1.2,1.2,1.15,1.17,1.2,1.2,1.2,0.0,0.0,0.0,0.0,0.0,0.0,0.0,0.0,0.0,0.0,0.0,0.0,0.0,0.0,0.0,0.0,b2415e2fdfdb631434d4cecb16a0d32f,2023-06-20 20:00:00,San Francisco Giants,San Diego Padres,0,Tue,NL,73.0,NL,74.0,N,SFO03,San Francisco Giants,75.0,2023-06-20 20:00:00,18,0,0,San Francisco Giants,NL,NL,73.0,74.0,1.49,1.2299999999999995,21.138211382113862,-100.0,2023-06-20,537.0,2680.0,3645.0,21.696428571428573,0.40476190476190477,982.0,-453.0,168.0,21.7,['Draftkings']
Boston Red Sox,3.95,3.8,4.1,4.0,4.0,3.9,4.2,4.52,4.44,3.7,3.85,3.65,4.5,4.0,4.9,4.0,4.0,3.6,3.8,4.05,3.4,4.3,4.1,3.75,0.0,0.0,0.0,0.0,0.0,0.0,0.0,0.0,0.0,0.0,0.0,0.0,0.0,0.0,0.0,1c7ffe77202803f3cd66768b4508fc23,2023-06-21 18:45:00,Minnesota Twins,Boston Red Sox,0,Wed,AL,75.0,AL,75.0,N,MIN04,Minnesota Twins,123.0,2023-06-21 18:45:00,16,0,0,Minnesota Twins,AL,AL,75.0,75.0,4.9,4.056399999999999,20.796765604969963,-100.0,2023-06-21,-100.0,2580.0,3645.0,21.696428571428573,0.40476190476190477,982.0,-453.0,168.0,21.7,['Fanduel']
Kansas City Royals,4.0,3.65,3.7,0.0,3.9,0.0,0.0,0.0,0.0,3.1,4.0,6.66,0.0,4.5,3.8,3.6,0.0,0.0,0.0,0.0,0.0,3.9,3.65,4.3,0.0,3.7,2.7,3.8,0.0,0.0,0.0,3.45,0.0,3.8,3.95,3.8,0.0,0.0,0.0,aa43715b0212e9c780dc4a6182ccb811,2023-06-22 16:25:00,Tampa Bay Rays,Kansas City Royals,0,Thu,AL,75.0,AL,78.0,N,STP01,Kansas City Royals,46.0,2023-06-22 16:25:00,15,1,0,Tampa Bay Rays,AL,AL,75.0,78.0,4.5,3.9266666666666654,14.601018675721576,350.0,2023-06-22,250.0,2930.0,3645.0,21.696428571428573,0.40476190476190477,982.0,-453.0,168.0,21.7,['Draftkings']
Tampa Bay Rays,2.55,2.7,1.62,0.0,2.4,0.0,0.0,0.0,0.0,1.61,2.55,1.61,0.0,2.6,2.5,1.44,0.0,0.0,0.0,0.0,0.0,2.4,1.4,2.27,0.0,2.5,1.38,2.2,0.0,0.0,0.0,2.38,0.0,2.55,2.43,2.55,0.0,0.0,0.0,aa43715b0212e9c780dc4a6182ccb811,2023-06-22 17:30:00,Tampa Bay Rays,Kansas City Royals,0,Thu,AL,75.0,AL,78.0,N,STP01,Kansas City Royals,111.0,2023-06-22 17:30:00,15,0,1,Kansas City Royals,AL,AL,78.0,75.0,2.55,2.199523809523809,15.934184888504037,-100.0,2023-06-22,250.0,2830.0,3645.0,21.696428571428573,0.40476190476190477,982.0,-453.0,168.0,21.7,['Barstool']
Toronto Blue Jays,6.1,6.5,1.48,1.4,3.7,3.7,4.5,3.8,1.44,3.4,3.8,1.49,1.48,3.45,3.45,3.3,3.15,3.45,3.3,3.45,3.45,1.57,0.0,0.0,0.0,0.0,0.0,0.0,0.0,0.0,0.0,0.0,0.0,0.0,0.0,0.0,0.0,0.0,0.0,e931c5bdf2c434d2996b13770b7e5b51,2023-06-23 18:25:00,Toronto Blue Jays,Oakland Athletics,0,Fri,AL,78.0,AL,77.0,N,TOR02,Oakland Athletics,138.0,2023-06-23 18:25:00,16,0,1,Oakland Athletics,AL,AL,77.0,78.0,6.1,3.3678260869565206,81.1257423186161,-100.0,2023-06-23,-200.0,2730.0,3645.0,21.696428571428573,0.40476190476190477,982.0,-453.0,168.0,21.7,['Barstool']
Atlanta Braves,1.45,1.45,1.29,0.0,1.53,0.0,0.0,0.0,0.0,1.3,1.79,1.33,0.0,1.95,1.48,1.28,0.0,0.0,0.0,0.0,1.36,1.43,1.42,1.48,0.0,1.91,1.29,1.0,0.0,0.0,0.0,1.45,0.0,1.45,1.45,1.45,0.0,0.0,0.0,7a7e0d5d24fdf52987133d715aec14af,2023-06-23 17:25:00,Cincinnati Reds,Atlanta Braves,0,Fri,NL,77.0,NL,77.0,N,LOS03,Cincinnati Reds,105.0,2023-06-23 17:25:00,15,0,0,Cincinnati Reds,NL,NL,77.0,77.0,1.95,1.4768181818181816,32.04062788550325,-100.0,2023-06-23,-200.0,2630.0,3645.0,21.696428571428573,0.40476190476190477,982.0,-453.0,168.0,21.7,['Draftkings']
Boston Red Sox,3.65,3.3,3.25,3.35,3.3,3.4,3.5,3.25,3.3,2.85,3.3,1.56,3.4,3.45,3.45,3.45,3.45,3.45,3.3,3.15,3.6,3.2,2.64,2.18,0.0,0.0,0.0,0.0,0.0,0.0,0.0,0.0,0.0,0.0,0.0,0.0,0.0,0.0,0.0,acb410ddf82f9c43ebdd82564c8bda0f,2023-06-24 14:55:00,Chicago White Sox,Boston Red Sox,0,Sat,AL,78.0,AL,78.0,D,CHI12,Chicago White Sox,105.0,2023-06-24 14:55:00,13,0,0,Chicago White Sox,AL,AL,78.0,78.0,3.65,3.215200000000001,13.523264493655104,-100.0,2023-06-24,-100.0,2530.0,3645.0,21.696428571428573,0.40476190476190477,982.0,-453.0,168.0,21.7,['Barstool']
Milwaukee Brewers,3.4,2.85,2.84,0.0,2.7,0.0,0.0,0.0,0.0,2.5,3.4,2.56,0.0,2.75,3.35,2.4,0.0,0.0,0.0,0.0,2.36,2.8,2.5,3.35,0.0,3.3,2.31,2.9,0.0,0.0,0.0,3.4,0.0,3.4,3.3,3.5,0.0,0.0,0.0,391f9847ffe2c754020230772c29177e,2023-06-26 17:10:00,New York Mets,Milwaukee Brewers,0,Mon,NL,78.0,NL,79.0,N,NYC20,Milwaukee Brewers,60.0,2023-06-26 17:10:00,16,1,0,New York Mets,NL,NL,78.0,79.0,3.4,2.966818181818182,14.600888616516016,240.0,2023-06-26,240.0,2770.0,3645.0,21.696428571428573,0.40476190476190477,982.0,-453.0,168.0,21.7,['Barstool']
San Francisco Giants,4.5,4.8,4.8,4.8,3.1,4.3,2.2,4.8,1.0,4.5,4.8,3.6,2.8,4.5,3.6,4.5,4.3,2.02,7.0,5.0,3.5,4.75,1.91,2.01,2.17,0.0,0.0,0.0,0.0,0.0,0.0,0.0,0.0,0.0,0.0,0.0,0.0,0.0,0.0,3a1599c5d045579c75e252d8836f5806,2023-06-28 16:25:00,Toronto Blue Jays,San Francisco Giants,0,Wed,NL,81.0,AL,81.0,N,TOR02,Toronto Blue Jays,18.0,2023-06-28 16:25:00,16,0,0,Toronto Blue Jays,NL,AL,81.0,81.0,4.5,3.836923076923077,17.281475541299116,-100.0,2023-06-28,-100.0,2670.0,3645.0,21.696428571428573,0.40476190476190477,982.0,-453.0,168.0,21.7,"['Barstool', 'Draftkings']"
Toronto Blue Jays,1.65,1.6,1.6,1.55,1.58,1.65,1.62,1.6,1.57,1.61,1.61,1.62,1.67,1.79,1.57,1.72,1.55,1.56,1.5,1.57,1.57,1.57,1.69,0.0,0.0,0.0,0.0,0.0,0.0,0.0,0.0,0.0,0.0,0.0,0.0,0.0,0.0,0.0,0.0,1ef01ed2730720f2892d4394847d72d9,2023-06-29 16:55:00,Toronto Blue Jays,San Francisco Giants,0,Thu,NL,82.0,AL,82.0,N,TOR02,Toronto Blue Jays,48.0,2023-06-29 16:55:00,16,1,1,San Francisco Giants,AL,NL,82.0,82.0,1.79,1.6170833333333332,10.69312032981192,79.0,2023-06-29,79.0,2749.0,3645.0,21.696428571428573,0.40476190476190477,982.0,-453.0,168.0,21.7,['Draftkings']
Houston Astros,3.1,3.2,3.1,2.9,2.6,2.75,2.66,2.44,2.5,3.0,2.8,2.7,2.45,2.58,2.0,2.88,2.88,2.95,2.8,2.7,2.8,2.95,3.0,0.0,0.0,0.0,0.0,0.0,0.0,0.0,0.0,0.0,0.0,0.0,0.0,0.0,0.0,0.0,0.0,48930efac1ffe95f2c7a798e8376c55a,2023-06-30 17:35:00,Texas Rangers,Houston Astros,0,Fri,AL,82.0,AL,82.0,N,ARL03,Houston Astros,30.0,2023-06-30 17:35:00,17,1,0,Texas Rangers,AL,AL,82.0,82.0,3.1,2.785,11.31059245960502,210.0,2023-06-30,210.0,2959.0,3645.0,21.696428571428573,0.40476190476190477,982.0,-453.0,168.0,21.7,['Barstool']
Boston Red Sox,3.95,4.0,3.35,3.3,3.8,3.45,3.5,2.88,2.5,3.6,3.02,3.35,3.7,3.4,3.7,3.7,3.7,3.5,3.55,3.7,3.75,3.4,3.7,3.7,3.25,0.0,0.0,0.0,0.0,0.0,0.0,0.0,0.0,0.0,0.0,0.0,0.0,0.0,0.0,a695f3a9a5d29f852c02907cb77db28f,2023-07-01 13:00:00,Toronto Blue Jays,Boston Red Sox,0,Sat,AL,84.0,AL,84.0,D,TOR02,Boston Red Sox,53.0,2023-07-01 13:00:00,12,1,0,Toronto Blue Jays,AL,AL,84.0,84.0,3.95,3.5153846153846167,12.363238512034982,295.0,2023-07-01,685.0,3254.0,3645.0,21.696428571428573,0.40476190476190477,982.0,-453.0,168.0,21.7,['Barstool']
Oakland Athletics,4.9,4.3,4.75,4.34,3.8,1.5,4.75,4.4,4.33,3.6,5.0,4.25,4.8,4.8,4.8,4.4,4.5,4.8,4.8,5.57,4.25,4.9,0.0,0.0,0.0,0.0,0.0,0.0,0.0,0.0,0.0,0.0,0.0,0.0,0.0,0.0,0.0,0.0,0.0,9b642587427c30e8996bf9073cfa5b2c,2023-07-01 14:10:00,Oakland Athletics,Chicago White Sox,0,Sat,AL,85.0,AL,85.0,D,OAK01,Oakland Athletics,63.0,2023-07-01 14:10:00,13,1,1,Chicago White Sox,AL,AL,85.0,85.0,4.9,4.453913043478261,10.015618898867643,390.0,2023-07-01,685.0,3644.0,3645.0,21.696428571428573,0.40476190476190477,982.0,-453.0,168.0,21.7,['Barstool']
Houston Astros,2.75,2.7,2.65,2.7,2.88,2.75,2.59,2.86,2.8,2.88,2.9,2.25,2.2,2.84,3.1,2.96,2.85,2.88,2.85,2.85,2.7,2.8,2.8,2.88,2.7,0.0,0.0,0.0,0.0,0.0,0.0,0.0,0.0,0.0,0.0,0.0,0.0,0.0,0.0,a54081b175e195cdabb463bf4f297c24,2023-07-02 12:30:00,Texas Rangers,Houston Astros,0,Sun,AL,84.0,AL,84.0,D,ARL03,Houston Astros,55.0,2023-07-02 12:30:00,11,1,0,Texas Rangers,AL,AL,84.0,84.0,3.1,2.777692307692308,11.603433951813898,210.0,2023-07-02,210.0,3854.0,3645.0,21.696428571428573,0.40476190476190477,982.0,-453.0,168.0,21.7,['Fanduel']
Minnesota Twins,1.97,1.7,,0.0,1.57,0.0,0.0,0.0,0.0,1.18,1.96,1.25,0.0,1.69,1.76,1.18,0.0,0.0,0.0,0.0,1.24,1.92,1.18,1.6,0.0,1.83,1.15,1.71,0.0,0.0,0.0,1.97,0.0,1.91,1.94,1.94,0.0,0.0,0.0,598537f88ae9a5c6393f14043a601670,2023-07-03 19:20:00,Minnesota Twins,Kansas City Royals,0,Mon,AL,85.0,AL,86.0,N,MIN04,Minnesota Twins,130.0,2023-07-03 19:20:00,17,1,1,Kansas City Royals,AL,AL,86.0,85.0,1.97,1.6485714285714284,19.49740034662048,97.0,2023-07-03,-303.0,3951.0,3645.0,21.696428571428573,0.40476190476190477,982.0,-453.0,168.0,21.7,['Barstool']
Texas Rangers,3.35,3.1,,0.0,0.0,0.0,0.0,0.0,0.0,2.8,3.35,1.66,0.0,2.85,2.92,2.88,0.0,0.0,0.0,0.0,0.0,3.15,2.85,2.85,0.0,2.8,1.75,2.85,0.0,0.0,0.0,3.35,0.0,3.2,3.15,3.35,1.69,0.0,0.0,1d0340cde7372ee055203c0e8ad18387,2023-07-03 11:30:00,Texas Rangers,Houston Astros,0,Mon,AL,85.0,AL,85.0,D,ARL03,Houston Astros,25.0,2023-07-03 11:30:00,11,0,1,Houston Astros,AL,AL,85.0,85.0,3.35,2.8625000000000003,17.030567685589503,-100.0,2023-07-03,-303.0,3851.0,3645.0,21.696428571428573,0.40476190476190477,982.0,-453.0,168.0,21.7,['Barstool']
Washington Nationals,4.7,4.35,,0.0,4.2,0.0,0.0,0.0,0.0,3.2,4.7,4.54,0.0,4.4,4.4,3.05,0.0,0.0,0.0,0.0,4.0,4.35,4.15,3.7,0.0,4.2,3.17,3.8,0.0,0.0,0.0,3.45,0.0,4.7,4.4,4.7,0.0,0.0,0.0,9e34d315f6c3c9dc47c251c1ef918c4b,2023-07-03 16:45:00,Washington Nationals,Cincinnati Reds,0,Mon,NL,86.0,NL,84.0,N,WAS11,Cincinnati Reds,75.0,2023-07-03 16:45:00,15,0,1,Cincinnati Reds,NL,NL,84.0,86.0,4.7,4.136190476190476,13.631130554915956,-100.0,2023-07-03,-303.0,3751.0,3645.0,21.696428571428573,0.40476190476190477,982.0,-453.0,168.0,21.7,['Barstool']
Washington Nationals,2.55,2.55,,0.0,1.91,0.0,0.0,0.0,0.0,2.0,2.55,2.04,0.0,1.91,1.96,2.0,0.0,0.0,0.0,0.0,1.97,2.0,0.0,1.86,0.0,2.38,1.78,2.4,0.0,0.0,0.0,2.55,0.0,2.55,2.02,2.55,1.95,0.0,0.0,9e34d315f6c3c9dc47c251c1ef918c4b,2023-07-03 15:50:00,Washington Nationals,Cincinnati Reds,0,Mon,NL,86.0,NL,84.0,N,WAS11,Cincinnati Reds,20.0,2023-07-03 15:50:00,15,0,1,Cincinnati Reds,NL,NL,84.0,86.0,2.55,2.1919047619047616,16.33717140995003,-100.0,2023-07-03,-303.0,3651.0,3645.0,21.696428571428573,0.40476190476190477,982.0,-453.0,168.0,21.7,['Barstool']
Kansas City Royals,3.5,3.6,3.45,3.6,3.3,3.5,2.95,3.33,3.5,3.4,3.4,3.4,4.0,4.0,3.8,3.6,3.65,3.45,3.6,3.5,3.65,3.5,3.2,3.9,3.4,3.2,0.0,0.0,0.0,0.0,0.0,0.0,0.0,0.0,0.0,0.0,0.0,0.0,0.0,598537f88ae9a5c6393f14043a601670,2023-07-03 17:50:00,Minnesota Twins,Kansas City Royals,0,Mon,AL,85.0,AL,86.0,N,MIN04,Minnesota Twins,40.0,2023-07-03 17:50:00,17,0,0,Minnesota Twins,AL,AL,85.0,86.0,4.0,3.532592592592593,13.231285384776667,-100.0,2023-07-03,-303.0,3551.0,3645.0,21.696428571428573,0.40476190476190477,982.0,-453.0,168.0,21.7,['Draftkings']
Cleveland Guardians,2.65,2.55,2.55,2.56,2.5,2.22,2.21,2.21,2.4,2.64,2.2,2.15,2.18,2.2,2.55,2.12,2.12,2.3,2.65,2.2,2.4,2.2,2.21,2.23,2.43,2.48,2.18,2.33,2.4,2.48,2.48,2.23,2.22,2.15,2.12,2.14,0.0,0.0,0.0,45868ba955e8bb1ec773d2726c42a8cd,2023-07-04 16:20:00,Cleveland Guardians,Atlanta Braves,0,Tue,NL,87.0,AL,85.0,N,CLE08,Cleveland Guardians,9.0,2023-07-04 16:20:00,16,1,1,Atlanta Braves,AL,NL,85.0,87.0,2.65,2.337567567567568,13.365707018152364,165.0,2023-07-04,616.0,3716.0,3645.0,21.696428571428573,0.40476190476190477,982.0,-453.0,168.0,21.7,['Barstool']
Cleveland Guardians,2.95,3.3,3.1,3.05,3.1,1.29,3.6,3.1,3.4,2.66,3.05,3.0,3.0,4.4,5.09,3.3,3.15,3.3,3.35,3.5,3.3,3.4,3.3,3.1,0.0,0.0,0.0,0.0,0.0,0.0,0.0,0.0,0.0,0.0,0.0,0.0,0.0,0.0,0.0,45868ba955e8bb1ec773d2726c42a8cd,2023-07-04 18:00:00,Cleveland Guardians,Atlanta Braves,0,Tue,NL,87.0,AL,85.0,N,CLE08,Cleveland Guardians,109.0,2023-07-04 18:00:00,16,1,1,Atlanta Braves,AL,NL,85.0,87.0,5.09,3.3152,53.535231660231645,409.0,2023-07-04,616.0,4125.0,3645.0,21.696428571428573,0.40476190476190477,982.0,-453.0,168.0,21.7,['Fanduel']
Chicago Cubs,1.24,1.26,1.18,1.25,1.2,1.27,1.26,1.26,1.25,1.24,1.3,1.28,1.32,1.42,1.25,1.22,1.22,1.22,1.22,1.22,1.22,1.21,1.22,1.23,0.0,0.0,0.0,0.0,0.0,0.0,0.0,0.0,0.0,0.0,0.0,0.0,0.0,0.0,0.0,445d673b64394a3c8af75bba94434382,2023-07-04 14:10:00,Milwaukee Brewers,Chicago Cubs,0,Tue,NL,85.0,NL,86.0,D,MIL06,Chicago Cubs,62.0,2023-07-04 14:10:00,13,1,0,Milwaukee Brewers,NL,NL,85.0,86.0,1.42,1.2551999999999994,13.12938177182924,42.0,2023-07-04,616.0,4167.0,3645.0,21.696428571428573,0.40476190476190477,982.0,-453.0,168.0,21.7,['Draftkings']
Milwaukee Brewers,2.4,2.25,2.32,2.05,2.1,2.2,2.17,2.05,1.93,2.09,2.05,2.1,2.12,2.12,2.0,1.95,2.2,2.32,2.32,2.25,2.1,2.32,2.3,2.35,0.0,0.0,0.0,0.0,0.0,0.0,0.0,0.0,0.0,0.0,0.0,0.0,0.0,0.0,0.0,5f2e6e6c0d976ef299faac2cfdad8bf4,2023-07-05 17:45:00,Milwaukee Brewers,Chicago Cubs,0,Wed,NL,86.0,NL,87.0,N,MIL06,Chicago Cubs,35.0,2023-07-05 17:45:00,17,0,1,Chicago Cubs,NL,NL,87.0,86.0,2.4,2.1784000000000003,10.172603745868509,-100.0,2023-07-05,-100.0,4067.0,3645.0,21.696428571428573,0.40476190476190477,982.0,-453.0,168.0,21.7,['Barstool']
Chicago Cubs,2.5,2.62,2.75,2.55,2.7,2.76,2.8,5.9,2.6,2.2,2.4,2.7,3.07,5.01,1.02,2.84,2.6,3.0,2.88,3.0,3.0,3.0,2.8,2.95,3.0,0.0,0.0,0.0,0.0,0.0,0.0,0.0,0.0,0.0,0.0,0.0,0.0,0.0,0.0,f7d9c942f9e63d89c6c21b7b908a6a98,2023-07-06 12:55:00,Milwaukee Brewers,Chicago Cubs,0,Thu,NL,87.0,NL,88.0,D,MIL06,Milwaukee Brewers,105.0,2023-07-06 12:55:00,11,0,0,Milwaukee Brewers,NL,NL,87.0,88.0,5.01,2.986923076923077,67.73113571980426,-100.0,2023-07-06,-140.0,3967.0,3645.0,21.696428571428573,0.40476190476190477,982.0,-453.0,168.0,21.7,['Draftkings']
Chicago Cubs,3.55,3.6,3.3,2.8,3.25,3.1,3.4,3.0,2.88,2.8,3.4,3.3,3.27,3.0,3.5,1.02,3.4,3.55,3.25,3.6,3.4,3.4,3.15,3.3,3.6,0.0,0.0,0.0,0.0,0.0,0.0,0.0,0.0,0.0,0.0,0.0,0.0,0.0,0.0,f7d9c942f9e63d89c6c21b7b908a6a98,2023-07-06 13:15:00,Milwaukee Brewers,Chicago Cubs,0,Thu,NL,87.0,NL,88.0,D,MIL06,Milwaukee Brewers,125.0,2023-07-06 13:15:00,11,0,0,Milwaukee Brewers,NL,NL,87.0,88.0,3.55,3.206538461538462,10.711287033705162,-100.0,2023-07-06,-140.0,3867.0,3645.0,21.696428571428573,0.40476190476190477,982.0,-453.0,168.0,21.7,['Barstool']
Milwaukee Brewers,2.5,2.3,2.35,2.38,2.34,2.3,2.3,2.4,2.4,1.87,2.37,2.29,2.58,1.02,2.6,2.3,2.2,2.15,2.2,2.2,2.2,2.07,2.14,2.2,0.0,0.0,0.0,0.0,0.0,0.0,0.0,0.0,0.0,0.0,0.0,0.0,0.0,0.0,0.0,f7d9c942f9e63d89c6c21b7b908a6a98,2023-07-06 12:00:00,Milwaukee Brewers,Chicago Cubs,0,Thu,NL,87.0,NL,88.0,D,MIL06,Milwaukee Brewers,50.0,2023-07-06 12:00:00,11,1,1,Chicago Cubs,NL,NL,88.0,87.0,2.6,2.2504000000000004,15.535015997156036,160.0,2023-07-06,-140.0,4027.0,3645.0,21.696428571428573,0.40476190476190477,982.0,-453.0,168.0,21.7,['Fanduel']
Chicago Cubs,3.05,3.1,3.1,2.55,3.1,3.2,3.1,3.45,2.25,3.1,3.15,3.0,3.57,5.01,3.4,3.4,3.25,3.55,3.4,3.5,3.55,3.55,3.25,3.4,3.5,0.0,0.0,0.0,0.0,0.0,0.0,0.0,0.0,0.0,0.0,0.0,0.0,0.0,0.0,f7d9c942f9e63d89c6c21b7b908a6a98,2023-07-06 13:00:00,Milwaukee Brewers,Chicago Cubs,0,Thu,NL,87.0,NL,88.0,D,MIL06,Milwaukee Brewers,110.0,2023-07-06 13:00:00,11,0,0,Milwaukee Brewers,NL,NL,87.0,88.0,5.01,3.365,48.88558692421992,-100.0,2023-07-06,-140.0,3927.0,3645.0,21.696428571428573,0.40476190476190477,982.0,-453.0,168.0,21.7,['Draftkings']
San Francisco Giants,6.0,5.2,1.64,1.26,1.57,5.75,5.5,5.25,5.5,5.9,6.0,6.0,1.65,5.4,5.0,5.4,5.4,5.1,5.4,4.75,5.4,5.4,5.75,5.8,1.58,0.0,0.0,0.0,0.0,0.0,0.0,0.0,0.0,0.0,0.0,0.0,0.0,0.0,0.0,8670ca79d2c6ce6ffc62bc08b5a898cd,2023-07-07 21:00:00,San Francisco Giants,Colorado Rockies,0,Fri,NL,89.0,NL,89.0,N,SFO03,Colorado Rockies,104.0,2023-07-07 21:00:00,19,0,1,Colorado Rockies,NL,NL,89.0,89.0,6.0,4.753846153846155,26.21359223300969,-100.0,2023-07-07,-100.0,3827.0,3645.0,21.696428571428573,0.40476190476190477,982.0,-453.0,168.0,21.7,['Barstool']
Minnesota Twins,7.5,5.25,5.0,5.5,5.5,5.3,2.05,2.4,5.1,1.53,1.69,5.0,1.8,5.75,5.75,8.5,7.5,5.3,8.5,4.9,8.5,1.66,2.7,4.7,4.7,0.0,0.0,0.0,0.0,0.0,0.0,0.0,0.0,0.0,0.0,0.0,0.0,0.0,0.0,ee19293453083a0dece2a4033749209d,2023-07-08 11:35:00,Minnesota Twins,Baltimore Orioles,0,Sat,AL,88.0,AL,90.0,D,MIN04,Baltimore Orioles,25.0,2023-07-08 11:35:00,11,0,1,Baltimore Orioles,AL,AL,90.0,88.0,7.5,4.983846153846153,50.48618613983642,-100.0,2023-07-08,-200.0,3727.0,3645.0,21.696428571428573,0.40476190476190477,982.0,-453.0,168.0,21.7,['Barstool']
Los Angeles Angels,3.85,2.8,3.25,4.2,2.92,3.15,3.3,3.95,3.1,2.3,3.25,3.19,3.5,4.1,3.35,3.25,3.2,3.35,3.35,3.1,3.35,3.35,3.38,3.35,0.0,0.0,0.0,0.0,0.0,0.0,0.0,0.0,0.0,0.0,0.0,0.0,0.0,0.0,0.0,7bb1bec77032edc11a5ee2a934c8ddfd,2023-07-08 18:35:00,Los Angeles Dodgers,Los Angeles Angels,0,Sat,AL,91.0,NL,89.0,N,LOS03,Los Angeles Dodgers,25.0,2023-07-08 18:35:00,18,0,0,Los Angeles Dodgers,AL,NL,91.0,89.0,4.1,3.359599999999999,22.03833789736875,-100.0,2023-07-08,-200.0,3627.0,3645.0,21.696428571428573,0.40476190476190477,982.0,-453.0,168.0,21.7,['Draftkings']
Cincinnati Reds,3.0,2.22,2.65,2.15,2.1,2.13,3.0,2.68,2.95,2.6,2.88,2.5,2.1,2.55,2.6,2.65,2.63,2.45,2.65,2.65,2.65,2.6,2.05,2.13,2.13,2.05,2.1,2.08,2.1,2.75,2.35,0.0,0.0,0.0,0.0,0.0,0.0,0.0,0.0,9d446719be61b278e18bf77bf1a0d300,2023-07-09 11:25:00,Milwaukee Brewers,Cincinnati Reds,0,Sun,NL,92.0,NL,91.0,D,MIL06,Milwaukee Brewers,15.0,2023-07-09 11:25:00,11,0,0,Milwaukee Brewers,NL,NL,92.0,91.0,3.0,2.4728124999999994,21.31934790850504,-100.0,2023-07-09,-100.0,3527.0,3645.0,21.696428571428573,0.40476190476190477,982.0,-453.0,168.0,21.7,['Barstool']
Los Angeles Dodgers,2.55,2.55,2.5,1.95,2.0,1.96,2.45,2.55,2.63,2.55,2.5,2.63,2.63,2.63,2.45,1.85,2.4,1.89,1.91,1.85,1.83,1.83,1.83,2.4,2.55,2.6,2.6,1.82,1.87,0.0,0.0,0.0,0.0,0.0,0.0,0.0,0.0,0.0,0.0,fa61df9f6e9b79c20ae1053e4f03fb1a,2023-07-14 16:25:00,New York Mets,Los Angeles Dodgers,0,Fri,NL,90.0,NL,92.0,N,NYC20,Los Angeles Dodgers,15.0,2023-07-14 16:25:00,16,1,0,New York Mets,NL,NL,90.0,92.0,2.63,2.279666666666666,15.367743822196251,163.0,2023-07-14,63.0,3690.0,3645.0,21.696428571428573,0.40476190476190477,982.0,-453.0,168.0,21.7,['Draftkings']
Oakland Athletics,2.88,2.5,2.5,2.5,2.5,2.6,2.9,2.5,2.5,2.5,2.8,2.1,2.56,2.05,2.85,2.2,2.65,2.73,2.4,2.37,0.0,0.0,0.0,0.0,0.0,0.0,0.0,0.0,0.0,0.0,0.0,0.0,0.0,0.0,0.0,0.0,0.0,0.0,0.0,7a24295888004106e43b1c766416fb29,2023-07-14 19:40:00,Oakland Athletics,Minnesota Twins,0,Fri,AL,92.0,AL,93.0,N,OAK01,Minnesota Twins,59.0,2023-07-14 19:40:00,18,0,1,Minnesota Twins,AL,AL,93.0,92.0,2.88,2.546190476190476,13.11015522723023,-100.0,2023-07-14,63.0,3590.0,3645.0,21.696428571428573,0.40476190476190477,982.0,-453.0,168.0,21.7,['Barstool']
New York Mets,3.9,3.4,1.0,1.55,2.6,3.8,2.55,3.1,2.45,2.5,2.38,2.22,1.1,1.1,3.6,3.05,2.85,3.0,3.05,2.95,3.05,3.05,1.9,0.0,0.0,0.0,0.0,0.0,0.0,0.0,0.0,0.0,0.0,0.0,0.0,0.0,0.0,0.0,0.0,451ea4d8571865767e452d11a2cc89ca,2023-07-15 19:05:00,New York Mets,Los Angeles Dodgers,0,Sat,NL,91.0,NL,93.0,N,NYC20,Los Angeles Dodgers,125.0,2023-07-15 19:05:00,17,0,1,Los Angeles Dodgers,NL,NL,93.0,91.0,3.9,2.66875,46.13583138173303,-100.0,2023-07-15,-20.0,3490.0,3645.0,21.696428571428573,0.40476190476190477,982.0,-453.0,168.0,21.7,['Barstool']
Los Angeles Dodgers,1.8,1.57,1.61,1.75,1.5,1.75,1.52,1.5,1.65,1.62,1.67,1.69,1.67,1.67,1.69,1.64,1.41,1.63,1.64,1.45,1.48,1.48,2.04,0.0,0.0,0.0,0.0,0.0,0.0,0.0,0.0,0.0,0.0,0.0,0.0,0.0,0.0,0.0,0.0,451ea4d8571865767e452d11a2cc89ca,2023-07-15 18:25:00,New York Mets,Los Angeles Dodgers,0,Sat,NL,91.0,NL,93.0,N,NYC20,Los Angeles Dodgers,85.0,2023-07-15 18:25:00,17,1,0,New York Mets,NL,NL,91.0,93.0,1.8,1.6345833333333328,10.119806270711225,80.0,2023-07-15,-20.0,3570.0,3645.0,21.696428571428573,0.40476190476190477,982.0,-453.0,168.0,21.7,['Barstool']
Chicago Cubs,2.2,2.15,2.05,2.25,1.65,1.9,1.7,1.84,2.07,1.78,1.8,2.2,1.65,1.8,1.77,1.72,2.2,2.2,1.8,2.2,1.79,1.91,1.85,1.78,0.0,0.0,0.0,0.0,0.0,0.0,0.0,0.0,0.0,0.0,0.0,0.0,0.0,0.0,0.0,3eb593d80e80ba0adf9bfd427325fbb5,2023-07-16 12:05:00,Chicago Cubs,Boston Red Sox,0,Sun,AL,94.0,NL,93.0,D,CHI11,Boston Red Sox,45.0,2023-07-16 12:05:00,11,0,1,Boston Red Sox,NL,AL,93.0,94.0,2.2,1.9384,13.495666529096177,-100.0,2023-07-16,-100.0,3470.0,3645.0,21.696428571428573,0.40476190476190477,982.0,-453.0,168.0,21.7,['Barstool']
St. Louis Cardinals,2.35,2.15,2.45,2.38,2.4,2.45,2.25,2.25,2.6,1.85,2.2,2.37,1.85,2.75,2.3,2.35,2.4,2.48,2.5,2.5,2.5,2.84,2.84,0.0,0.0,0.0,0.0,0.0,0.0,0.0,0.0,0.0,0.0,0.0,0.0,0.0,0.0,0.0,0.0,d6bdf1ff29962f2ed2d18bc9f082017b,2023-07-17 18:00:00,St. Louis Cardinals,Miami Marlins,0,Mon,NL,96.0,NL,94.0,N,STL10,St. Louis Cardinals,74.0,2023-07-17 18:00:00,16,1,1,Miami Marlins,NL,NL,94.0,96.0,2.75,2.4066666666666667,14.26592797783934,175.0,2023-07-17,175.0,3645.0,3645.0,21.696428571428573,0.40476190476190477,982.0,-453.0,168.0,21.7,['Draftkings']
